COMPANY,EVENT,SYSTEM NAME,START DATE,END DATE,APP TYPE,EVENT STATUS,POWERED ON,CLUSTER NAME,ARCHIVED
Wolters Kluwer,NACDS 2015,wolterskluwer:nacds2015,2015-10-22,2015-10-25,AST_3,ACTIVE,2015-05-29,APP100,NO
CGI,Sibos 2015,cgi:sibos2015,2015-10-12,2015-10-15,AST_3,ACTIVE,2015-06-17,APP100,NO
NetApp,Executive Scheduler US 2015,netapp:execschedus2015,2015-10-12,2015-10-15,MPAST,ACTIVE,2015-06-16,APP100,NO
NetApp,NetApp Insight Las Vegas 2015,netapp:execinsightus2015,2015-10-12,2015-10-15,AST_3,ACTIVE,2015-06-16,APP100,NO
Pros,Dreamforce 2015,pros:dreamforce2015,2015-09-15,2015-09-18,AST_3,ACTIVE,2015-07-01,APP100,NO
Adobe,IBC 2015,adobe:ibc2015,2015-09-11,2015-09-15,AST_3,ACTIVE,2015-06-19,APP100,NO
EMC Isilon,IBC 2015,emcisilon:ibc2015,2015-09-10,2015-09-15,AST_3,ACTIVE,2015-05-19,APP100,NO
EMC,VMWorld 2015,emc:vmworld2015,2015-08-30,2015-09-03,AST_3,ACTIVE,2015-06-26,APP100,NO
VCE,VMWorld 2015,vce:vmworld2015,2015-08-30,2015-09-03,AST_3,ACTIVE,2015-06-23,APP100,NO
VMWare,VMWorld 2015,vmware:vmworld2015,2015-08-30,2015-09-03,AST_3,ACTIVE,2015-06-17,APP100,NO
NetApp,NetApp VMworld 2015 | Meet the Executive,netapp:execvmworld2015,2015-08-30,2015-09-02,AST_3,ACTIVE,2015-06-26,APP100,NO
NetApp,NetApp VMworld 2015 | Meet the Engineer,netapp:engvmworld2015,2015-08-30,2015-09-02,MST_2,ACTIVE,2015-06-26,APP100,NO
Ariba,SuccessConnect 2015,ariba:successconnect2015,2015-08-10,2015-08-12,MST_2,ACTIVE,2015-06-30,APP100,NO
Blue Coat,Black Hat USA ,bluecoat:blackhat2015,2015-08-05,2015-08-06,AST_3,ACTIVE,2015-06-29,APP100,NO
FireEye,Black Hat USA ,fireeye:blackhatusa2015,2015-08-01,2015-08-06,AST_3,ACTIVE,2015-06-25,APP100,NO
ARM,APM 2015,arm:apm2015,2015-08-03,2015-08-06,AST_3,ACTIVE,2015-04-27,APP100,NO
Sage,Sage Summit 2015,sage:sagesummit2015,2015-07-27,2015-07-30,AST_3,ACTIVE,2015-06-17,APP100,NO
Amadeus,Global Business Travel Association (GBTA) Convention 2015,amadeus:gbta2015,2015-07-25,2015-07-29,AST_3,ACTIVE,2015-06-12,APP100,NO
NetApp,Microsoft Worldwide Partner Conference 2015,netapp:mwpc2015,2015-07-12,2015-07-16,AST_3,ACTIVE,2015-06-23,APP100,NO
Fujitsu,Microsoft Worldwide Partner Conference 2015,fujitsu:microsoft2015,2015-07-11,2015-07-16,AST_3,ACTIVE,2015-06-11,APP100,NO
Cisco,Microsoft Worldwide Partner Conference 2015,cisco:msft2015,2015-07-12,2015-07-16,AST_3,ACTIVE,2015-06-04,APP100,NO
CEMA,Summit 2015,cema:summit2015,2015-07-12,2015-07-14,AST_3,ACTIVE,2015-05-22,APP100,NO
Dell,Red Hat Summit 2015,dell:redhat2015,2015-06-23,2015-06-26,AST_3,PASSIVE,2015-05-21,APP100,NO
Cisco,Red Hat Summit 2015,cisco:redhat2015,2015-06-23,2015-06-26,AST_3,PASSIVE,2015-05-20,APP100,NO
Teads,Cannes Lions Festival 2015,teads:clf2015,2015-06-22,2015-06-26,AST_3,PASSIVE,2015-03-31,APP100,NO
United Technologies,ESX 2015,unitedtechnologies:esx2015,2015-06-24,2015-06-26,AST_3,PASSIVE,2015-05-18,APP100,NO
Yahoo!,Cannes Lions Festival 2015,yahoo:cannes2015,2015-06-22,2015-06-26,AST_3,PASSIVE,2015-03-25,APP100,NO
Ciena,Next Generation Optical Networking 2015,ciena:nextgenoptical2015,2015-06-22,2015-06-25,AST_3,PASSIVE,2015-05-29,APP100,NO
Dolby,CineEurope 2015,dolby:cineeurope2015,2015-06-22,2015-06-25,AST_3,PASSIVE,2015-04-28,APP100,NO
McKesson,HFMA ANI 2015,mckesson:hfmaani2015,2015-06-22,2015-06-24,AST_3,PASSIVE,2015-05-21,APP100,NO
Oracle,LTE World Summit 2015,oracle:lteworld2015,2015-06-23,2015-06-24,AST_3,PASSIVE,2015-05-04,APP100,NO
Nuance,ANI 2015,nuance:ani2015,2015-06-22,2015-06-24,AST_3,PASSIVE,2015-05-08,APP100,NO
Cisco,Interop London 2015,cisco:interopldn2015,2015-06-16,2015-06-19,AST_3,PASSIVE,2015-05-26,APP100,NO
Cisco,InfoComm 2015,cisco:infocomm2015,2015-06-17,2015-06-19,AST_3,PASSIVE,2015-05-05,APP100,NO
Infor,HITEC 2015,infor:hitec2015,2015-06-15,2015-06-18,AST_3,PASSIVE,2015-05-08,APP100,NO
Ciena,OPn Technology Conference 2015,ciena:opn2015,2015-06-15,2015-06-17,AST_3,PASSIVE,2015-03-30,APP100,NO
Wells Fargo,International M&A Conference 2015,wellsfargo:imac2015,2015-06-11,2015-06-12,AST_3,PASSIVE,2015-03-26,APP100,NO
Cisco,"Cisco Live, Cloud Digital Business US 2015",cisco:clouddigitalbusiness2015us,2015-06-07,2015-06-11,MST_2,PASSIVE,2015-04-29,APP100,NO
Cisco,"Cisco Live 2015, US Data Center",cisco:livedc2015,2015-06-08,2015-06-11,MST_2,PASSIVE,2015-03-30,APP100,NO
Cisco,Cisco Live 2015 – Meet the Executive,cisco:ciscolive2015,2015-06-07,2015-06-11,MST_2,PASSIVE,2015-02-24,APP100,NO
Cisco,Cisco Live 2015 – Executive Scheduler,cisco:exec2015,2015-06-07,2015-06-11,MPAST,PASSIVE,2014-10-23,APP100,NO
Dell,Hadoop Summit 2015,dell:hadoop2015,2015-06-09,2015-06-11,AST_3,PASSIVE,2015-05-19,APP100,NO
Cisco,"Cisco Live US 2015, Solution Partner 1:1 Meetings",cisco:clusspp2015,2015-06-07,2015-06-11,AST_3,PASSIVE,2015-05-14,APP100,NO
EMC Isilon,Hadoop Summit San Jose 2015,emcisilon:hadoopsanjose2015,2015-06-09,2015-06-11,AST_3,PASSIVE,2015-05-08,APP100,NO
Cipher Cloud,Gartner Security & Risk Management Summit 2015,ciphercloud:gartner2015,2015-06-08,2015-06-11,AST_3,PASSIVE,2015-05-08,APP100,NO
Cisco,ANGACOM 2015,cisco:anga2015,2015-06-09,2015-06-11,AST_3,PASSIVE,2015-05-06,APP100,NO
Cisco,Collaboration at Cisco Live 2015,cisco:ciscolivecollabus2015,2015-06-07,2015-06-11,AST_3,PASSIVE,2015-05-06,APP100,NO
Ciena,ANGACOM 2015,ciena:angacom2015,2015-06-09,2015-06-11,AST_3,PASSIVE,2015-05-24,APP100,NO
NetApp,Cisco Live 2015,netapp:ciscolive2015,2015-06-08,2015-06-11,AST_3,PASSIVE,2015-03-10,APP100,NO
EMC,Cisco Live 2015,emc:ciscolive2015,2015-06-08,2015-06-11,AST_3,PASSIVE,2015-04-20,APP100,NO
ARM,DAC 2015,arm:dac2015,2015-06-07,2015-06-11,AST_3,PASSIVE,2015-03-31,APP100,NO
Ansys,Design Automation Conference (DAC) 2015 [Session Registration],ansys:sessionregdac2015,2015-06-08,2015-06-10,AST_SMT,PASSIVE,2015-04-18,APP100,NO
Cisco,Big Telecom Event 2015,cisco:bigtelecom2015,2015-06-09,2015-06-10,AST_3,PASSIVE,2015-05-20,APP100,NO
SAP,IASA 2015 Annual Educational Conference and Business Show,sap:iasa2015,2015-06-07,2015-06-10,AST_3,PASSIVE,2015-05-15,APP100,NO
Haemonetics,Product Fair at 2015 Haemonetics Global Sales Meeting,haemonetics:productfair2015,2015-06-07,2015-06-10,AST_3,PASSIVE,2015-04-30,APP100,NO
Brocade,Big Telecom Event 2015,brocade:bigtelecomevent2015,2015-06-09,2015-06-10,AST_3,PASSIVE,2015-04-08,APP100,NO
Ansys,Design Automation Conference (DAC) 2015,ansys:dac2015,2015-06-08,2015-06-10,AST_3,PASSIVE,2015-04-18,APP100,NO
Cadence,DAC 2015,cadence:dac2015,2015-06-08,2015-06-10,AST_3,PASSIVE,2015-04-13,APP100,NO
Cisco,C-Scape at Cisco Live 2015,cisco:cscapelive2015,2015-06-08,2015-06-10,AST_3,PASSIVE,2015-03-16,APP100,NO
Sanofi,ADA 2015,sanofi:ada2015,2015-06-05,2015-06-09,AST_3,PASSIVE,2015-02-11,APP100,NO
Savo Group,Summit 2015,savogroup:summit2015,2015-06-02,2015-06-05,AST_3,PASSIVE,2015-05-04,APP100,NO
Synaptics,Computex 2015,synaptics:computex2015,2015-06-02,2015-06-05,AST_3,PASSIVE,2015-04-29,APP100,NO
EMC Isilon,Broadcast Asia 2015,emcisilon:broadcastasia2015,2015-06-02,2015-06-05,AST_3,PASSIVE,2015-04-09,APP100,NO
Marvell,Computex 2015,marvell:computex2015,2015-06-02,2015-06-05,AST_3,PASSIVE,2015-04-14,APP100,NO
Cisco,TM Forum Live 2015,cisco:tmforum2015,2015-06-01,2015-06-04,AST_3,PASSIVE,2015-05-11,APP100,NO
Synaptics,Display Week 2015,synaptics:displayweek2015,2015-06-02,2015-06-04,AST_3,PASSIVE,2015-05-06,APP100,NO
Brocade,HP Discover 2015,brocade:hpdiscover2015,2015-06-02,2015-06-04,AST_3,PASSIVE,2015-04-20,APP100,NO
Oracle,tmforum live 2015!,oracle:tmforum2015,2015-06-01,2015-06-04,AST_3,PASSIVE,2015-04-08,APP100,NO
Docusign,Momentum LDN 2015,docusign:momentumldn2015,2015-06-01,2015-06-03,MST_2,PASSIVE,2015-01-30,APP100,NO
Sanofi,ASCO 2015,sanofi:asco2015,2015-05-29,2015-06-02,AST_3,PASSIVE,2015-03-25,APP100,NO
Sanofi,ERA-EDTA Congress 2015,sanofi:eraedta2015,2015-05-28,2015-05-31,AST_3,DORMANT,2015-03-18,DORMANT01,NO
Nuance,SIIM 2015,nuance:siim2015,2015-05-28,2015-05-30,AST_3,DORMANT,2015-05-24,DORMANT01,NO
EMC,OpenStack Summit 2015,emc:openstack2015,2015-05-18,2015-05-22,AST_3,DORMANT,2015-04-17,DORMANT01,NO
NetApp,OpenStack Summit 2015,netapp:openstack2015,2015-05-19,2015-05-21,AST_3,DORMANT,2015-03-25,DORMANT01,NO
Alteryx,Alteryx Inspire,alteryx:inspire2015,2015-05-17,2015-05-20,AST_3,DORMANT,2015-04-22,DORMANT01,NO
Zeltiq,ASAPS 2015 - Business Reviews,zeltiq:asapsbusiness2015,2015-05-16,2015-05-18,MST_2,DORMANT,2015-04-17,DORMANT01,NO
Zeltiq,ASAPS 2015 - Prospect Reviews,zeltiq:asapsprospect2015,2015-05-16,2015-05-18,MST_2,DORMANT,2015-04-17,DORMANT01,NO
Savo Group,SiriusDecisions Summit 2015,savogroup:siriusdecisions2015,2015-05-12,2015-05-15,AST_3,DORMANT,2015-04-06,DORMANT01,NO
Brocade,IBM Edge 2015,brocade:ibmedge2015,2015-05-11,2015-05-15,AST_3,DORMANT,2015-04-21,DORMANT01,NO
Cisco,Citrix Synergy 2014,cisco:citrixsynergy2015,2015-05-12,2015-05-14,AST_3,DORMANT,2015-04-10,DORMANT01,NO
American Express GBT,The UK Summit 2015,gbt:uksummit2015,2015-05-12,2015-05-13,AST_SMT,DORMANT,2015-04-15,DORMANT01,NO
Ciena,ITW 2015,ciena:itw2015,2015-05-10,2015-05-13,AST_3,DORMANT,2015-03-17,DORMANT01,NO
EMC Isilon,EMC World 2015,emcisilon:emcworld2015,2015-05-04,2015-05-07,MST_2,DORMANT,2015-03-18,DORMANT01,NO
EMC,EMC World CT Meetings 2015,emc:ctemcworld2015,2015-05-04,2015-05-07,MST_2,DORMANT,2015-03-13,DORMANT01,NO
EMC,EMC World Booth Duty 2015,emc:bdemcworld2015,2015-05-04,2015-05-07,MST_2,DORMANT,2015-03-13,DORMANT01,NO
Dell,Sapphire Now 2015,dell:sapphire2015,2015-05-05,2015-05-07,AST_3,DORMANT,2015-04-14,DORMANT01,NO
Infosys,SAPPHIRE NOW and ASUG Annual Conference 2015,infosys:sapphireasug2015,2015-05-05,2015-05-07,AST_3,DORMANT,2015-04-08,DORMANT01,NO
Marvell,Marvell Connected Lighting Showcase 2015,marvell:mcls2015,2015-05-05,2015-05-07,AST_3,DORMANT,2015-04-07,DORMANT01,NO
NetScout,INTX 2015,netscout:intx2015,2015-05-05,2015-05-07,AST_3,DORMANT,2015-04-07,DORMANT01,NO
EMC,SAP Sapphire 2015,emc:sapphire2015,2015-05-05,2015-05-07,AST_3,DORMANT,2015-03-23,DORMANT01,NO
Cisco,SAP Sapphire 2015,cisco:sapphire2015,2015-05-05,2015-05-07,AST_3,DORMANT,2015-03-19,DORMANT01,NO
Fujitsu,SAP Sapphire 2015,fujitsu:sapphire2015,2015-05-05,2015-05-07,AST_3,DORMANT,2015-01-28,DORMANT01,NO
EMC,EMC World Blue Sky Labs,emc:emcworldbluesky2015,2015-05-04,2015-05-07,AST_3,DORMANT,2015-04-17,DORMANT01,NO
EMC,EMC World Big Data 2015,emc:bigdataemcworld2015,2015-05-04,2015-05-07,AST_3,DORMANT,2015-04-06,DORMANT01,NO
EMC,EMC World Cloud Hybrid 2015,emc:cloudemcworld2015,2015-05-04,2015-05-07,AST_3,DORMANT,2015-04-06,DORMANT01,NO
Avnet,EMC World 2015,avnet:emcworld2015,2015-05-04,2015-05-07,AST_3,DORMANT,2015-03-31,DORMANT01,NO
EMC,EMC World 2015,emc:xtremioemcworld2015,2015-05-04,2015-05-07,AST_3,DORMANT,2015-03-24,DORMANT01,NO
Brocade,EMC World 2015,brocade:emcworld2015,2015-05-04,2015-05-07,AST_3,DORMANT,2015-03-17,DORMANT01,NO
Parker,OTC 2015,parker:otc2015,2015-05-04,2015-05-07,AST_3,DORMANT,2015-03-11,DORMANT01,NO
VCE,EMC World 2015,vce:emcworld2015,2015-05-04,2015-05-07,AST_3,DORMANT,2015-03-04,DORMANT01,NO
Avanade,Microsoft Ignite 2015,avanade:microsoftignite2015,2015-05-04,2015-05-07,AST_3,DORMANT,2015-02-27,DORMANT01,NO
Cisco,EMC World 2015,cisco:emcworld2015,2015-05-04,2015-05-06,MST_2,DORMANT,2015-04-01,DORMANT01,NO
Cisco,INTX 2015,cisco:intx2015,2015-05-04,2015-05-06,AST_3,DORMANT,2015-03-27,DORMANT01,NO
McKesson,NCPCP 2015,mckesson:ncpdp2015,2015-05-03,2015-05-06,AST_3,DORMANT,2015-04-06,DORMANT01,NO
eMerge Americas,eMerge Americas 2015,emergeamericas:miami2015,2015-05-01,2015-05-05,AST_SMT,DORMANT,2015-04-10,DORMANT01,NO
Cisco,Interop 2015,cisco:interop2015,2015-04-27,2015-05-01,AST_3,DORMANT,2015-03-11,DORMANT01,NO
Cisco,Executive 1:1 Meetings at Cisco Partner Summit 2015,cisco:partnersummit2015,2015-04-27,2015-04-30,MST_2,DORMANT,2015-02-16,DORMANT01,NO
Cisco,Operations Director 1:1 Meetings at Cisco Partner Summit 2015,cisco:psod2015,2015-04-27,2015-04-30,MST_2,DORMANT,2015-02-16,DORMANT01,NO
Taylor Bennett,Adobe Summit EMEA 2015,taylorbennett:adobesummitemea2015,2015-04-29,2015-04-30,AST_3,DORMANT,2015-02-24,DORMANT01,NO
Cisco,EcoSystem Exchanges 2015,cisco:ecosystem2015,2015-04-28,2015-04-30,AST_3,DORMANT,2015-04-17,DORMANT01,NO
Marvell,TV Connect 2014,marvell:tvconnect2015,2015-04-28,2015-04-30,AST_3,DORMANT,2015-03-19,DORMANT01,NO
Cadence,CDNLive EMEA 2015,cadence:cdnemea2015,2015-04-27,2015-04-29,AST_3,DORMANT,2015-04-02,DORMANT01,NO
McKesson,NACDS Annual Conference 2015,mckesson:nacds2015,2015-04-25,2015-04-28,AST_3,DORMANT,2015-02-16,DORMANT01,NO
Zeltiq,ASLMS 2015 - Prospect Meetings,zeltiq:aslmsprospect2015,2015-04-24,2015-04-25,MST_2,DORMANT,2015-03-31,DORMANT01,NO
Zeltiq,ASLMS 2015 - Business Reviews,zeltiq:aslmsbusiness2015,2015-04-24,2015-04-25,MST_2,DORMANT,2015-03-31,DORMANT01,NO
Cisco,RSA 2015,cisco:rsa2015,2015-04-20,2015-04-24,MST_2,DORMANT,2015-03-10,DORMANT01,NO
ServiceNow,Knowledge15,servicenow:knowledge15,2015-04-19,2015-04-24,MST_2,DORMANT,2015-02-11,DORMANT01,NO
Cipher Cloud,RSA 2015,ciphercloud:rsa2015,2015-04-20,2015-04-24,AST_3,DORMANT,2015-03-10,DORMANT01,NO
Blue Coat,RSA 2015,bluecoat:rsa2015,2015-04-20,2015-04-24,AST_3,DORMANT,2015-03-05,DORMANT01,NO
Dell,RSA 2015,dell:rsa2015,2015-04-20,2015-04-24,AST_3,DORMANT,2015-03-03,DORMANT01,NO
Fortinet,RSA 2015,fortinet:rsa2015,2015-04-20,2015-04-24,AST_3,DORMANT,2015-01-27,DORMANT01,NO
Cipher Cloud,Knowledge15,ciphercloud:knowledge15,2015-04-19,2015-04-24,AST_3,DORMANT,2015-03-10,DORMANT01,NO
EMC Isilon,Bio IT World 2015,emcisilon:bioitworld2015,2015-04-21,2015-04-23,MST_2,DORMANT,2015-03-18,DORMANT01,NO
Dolby,CinemaCon 2015,dolby:cinemacon2015,2015-04-20,2015-04-23,AST_3,DORMANT,2015-02-16,DORMANT01,NO
Brocade,GSC Techcom 2015,brocade:gsc2015,2015-04-19,2015-04-23,AST_3,DORMANT,2015-03-17,DORMANT01,NO
Nuance,GSC Techcom 2015,nuance:gsc2015,2015-04-19,2015-04-23,AST_3,DORMANT,2015-03-12,DORMANT01,NO
Sanofi,AACR Annual Meeting 2015,sanofi:aacr2015,2015-04-18,2015-04-22,AST_3,DORMANT,2015-03-18,DORMANT01,NO
Ebay,Affiliate Exchange 2015,ebay:ae2015,2015-04-20,2015-04-21,AST_SMT,DORMANT,2015-04-14,DORMANT01,NO
NetScout,Engage 2015,netscout:engage2015,2015-04-13,2015-04-17,AST_3,DORMANT,2015-03-19,DORMANT01,NO
Cisco,Hannover Messe 2015,cisco:hannovermesse2015,2015-04-13,2015-04-17,AST_3,DORMANT,2015-03-16,DORMANT01,NO
EMC Isilon,NAB 2015,emcisilon:nab2015,2015-04-13,2015-04-16,MST_2,DORMANT,2015-01-29,DORMANT01,NO
EMC Isilon,Hadoop Summit Brussels 2015,emcisilon:hadoopbrussels2015,2015-04-15,2015-04-16,AST_3,DORMANT,2015-03-25,DORMANT01,NO
Cisco,NAB 2015,cisco:nab2015,2015-04-13,2015-04-16,AST_3,DORMANT,2015-03-12,DORMANT01,NO
Dolby,NAB 2015,dolby:nab2015,2015-04-13,2015-04-16,AST_3,DORMANT,2015-03-05,DORMANT01,NO
Adobe,NAB 2015,adobe:nab2015,2015-04-13,2015-04-16,AST_3,DORMANT,2015-02-27,DORMANT01,NO
NetApp,NAB 2015,netapp:nab2015,2015-04-13,2015-04-16,AST_3,DORMANT,2015-02-12,DORMANT01,NO
Transcend Insights,HIMSS15,transcendinsights:himss15,2015-04-12,2015-04-16,AST_3,DORMANT,2015-03-18,DORMANT01,NO
Athenahealth,HIMSS 2015,athenahealth:himss2015,2015-04-12,2015-04-16,AST_3,DORMANT,2015-03-12,DORMANT01,NO
SAP,HIMSS 2015,sap:himss2015,2015-04-12,2015-04-16,AST_3,DORMANT,2015-03-11,DORMANT01,NO
Ciena,HIMSS 2015,ciena:himss2015,2015-04-12,2015-04-16,AST_3,DORMANT,2015-02-23,DORMANT01,NO
Healthagen,HIMMS 2015,healthagen:himss2015,2015-04-12,2015-04-16,AST_3,DORMANT,2015-02-16,DORMANT01,NO
Accenture,HIMSS 2015,accenture:himss2015,2015-04-12,2015-04-16,AST_3,DORMANT,2015-02-12,DORMANT01,NO
McKesson,HIMSS 2015,mckesson:himss2015,2015-04-12,2015-04-16,AST_3,DORMANT,2015-02-05,DORMANT01,NO
Oracle,HIMSS 2015,oracle:himss2015,2015-04-12,2015-04-16,AST_3,DORMANT,2014-11-11,DORMANT01,NO
Oracle,NAB 2015,oracle:nab2015,2015-04-11,2015-04-16,AST_3,DORMANT,2015-02-24,DORMANT01,NO
GatesAir,NAB 2015,gatesair:nab2015,2015-04-11,2015-04-16,AST_3,DORMANT,2015-02-09,DORMANT01,NO
Cisco,HIMSS 2015,cisco:himss2015,2015-04-13,2015-04-15,AST_3,DORMANT,2015-02-19,DORMANT01,NO
Nuance,HIMSS 2015,nuance:himss2015,2015-04-13,2015-04-15,AST_3,DORMANT,2015-01-13,DORMANT01,NO
Symantec,HIMSS 2015,symantec:himss2015,2015-04-12,2015-04-15,AST_3,DORMANT,2015-03-03,DORMANT01,NO
Imprivata,HIMSS 2015,imprivata:himss2015,2015-04-12,2015-04-15,AST_3,DORMANT,2015-02-09,DORMANT01,NO
Ariba,Ariba Live 2015,ariba:aribalive2015,2015-04-07,2015-04-09,MST_2,DORMANT,2015-02-27,DORMANT01,NO
NetApp,AWS Summit 2015,netapp:aswsf2015,2015-04-08,2015-04-09,AST_3,DORMANT,2015-02-24,DORMANT01,NO
Oracle,Modern Service Experience 2015,oracle:mse2015,2015-03-31,2015-04-02,MST_2,DORMANT,2015-03-09,DORMANT01,NO
Oracle,Modern Customer Experience 2015,oracle:mce2015,2015-03-31,2015-04-02,AST_3,DORMANT,2015-02-24,DORMANT01,NO
Oracle,Modern Marketing Experience 2015,oracle:mme2015,2015-03-31,2015-04-02,AST_3,DORMANT,2015-02-13,DORMANT01,NO
Oracle,Industry Connect 2015,oracle:oic2015,2015-03-25,2015-03-26,MST_2,DORMANT,2014-11-11,DORMANT01,NO
Cisco,OFC 2015,cisco:ofc2015,2015-03-22,2015-03-26,AST_3,DORMANT,2015-02-12,DORMANT01,NO
Ciena,OFC 2015,ciena:ofc2015,2015-03-22,2015-03-26,AST_3,DORMANT,2015-02-12,DORMANT01,NO
Zeltiq,AAD 2015,zeltiq:aad2015,2015-03-21,2015-03-23,MST_2,DORMANT,2015-02-04,DORMANT01,NO
Yahoo!,SXSW2015,yahoo:sxsw2015,2015-03-17,2015-03-22,AST_3,DORMANT,2015-02-18,DORMANT01,NO
Cisco,"MPLS & SDN, NFV and IPv6 World Congress 2015",cisco:mlps2015,2015-03-17,2015-03-20,AST_3,DORMANT,2015-02-03,DORMANT01,NO
Cisco,CL Milan ACI/N9K Whisper Suites 2015,cisco:clmelbourneaci2015,2015-03-16,2015-03-19,AST_3,DORMANT,2015-02-17,DORMANT01,NO
Oracle,Enterprise Connect 2015,oracle:ec2015,2015-03-16,2015-03-19,AST_3,DORMANT,2015-01-09,DORMANT01,NO
Cisco,Enterprise Connect 2015,cisco:ec2015,2015-03-16,2015-03-18,AST_3,DORMANT,2015-02-10,DORMANT01,NO
Plantronics,Enterprise Connect 2015,plantronics:ec2015,2015-03-16,2015-03-18,AST_3,DORMANT,2015-01-27,DORMANT01,NO
Sanofi,ACC 2015,sanofi:acc2015,2015-03-14,2015-03-16,AST_3,DORMANT,2015-02-05,DORMANT01,NO
Adobe,Summit: The Digital Marketing Conference 2015,adobe:summit2015,2015-03-09,2015-03-13,AST_3,DORMANT,2015-01-22,DORMANT01,NO
Docusign,DocuSign MOMENTUM 2015,docusign:momentum2015,2015-03-10,2015-03-12,MST_2,DORMANT,2015-02-04,DORMANT01,NO
EMC Isilon,CABSAT 2015,emcisilon:cabsat2015,2015-03-10,2015-03-12,MST_2,DORMANT,2015-01-28,DORMANT01,NO
Experient,Envision 2015,experient:envision2015,2015-03-11,2015-03-12,AST_SMT,DORMANT,2015-01-21,DORMANT01,NO
Cisco,Cloud Expo Europe 2015,cisco:cloudexpo2015,2015-03-11,2015-03-12,AST_3,DORMANT,2015-01-22,DORMANT01,NO
Ciena,Capacity Middle East 2015,ciena:capacitymiddleeast2015,2015-03-10,2015-03-12,AST_3,DORMANT,2015-02-06,DORMANT01,NO
Aruba,Atmosphere 2015,aruba:atmosphere2015,2015-03-01,2015-03-06,MST_2,DORMANT,2015-02-09,DORMANT01,NO
Cadence,Mobile World Congress 2015 (MWC),cadence:mwc2015,2015-03-02,2015-03-06,AST_3,DORMANT,2015-01-27,DORMANT01,NO
Cisco,Cisco Data Center Partner Connection 2015,cisco:dcpce2015,2015-03-03,2015-03-05,MST_2,DORMANT,2015-01-30,DORMANT01,NO
Docusign,Mobile World Congress 2015 (MWC),docusign:mwc2015,2015-03-02,2015-03-05,MST_2,DORMANT,2015-01-15,DORMANT01,NO
Symantec,Mobile World Congress 2015 (MWC) - External Requests,symantec:meetreqmwc2015,2015-03-02,2015-03-05,MST_2,DORMANT,2015-01-08,DORMANT01,NO
Oracle,Mobile World Congress 2015 (MWC),oracle:mwc2015,2015-03-02,2015-03-05,MST_2,DORMANT,2014-11-19,DORMANT01,NO
Ciena,Mobile World Congress 2015 (MWC),ciena:mwc2015,2015-03-02,2015-03-05,MST_2,DORMANT,2014-11-12,DORMANT01,NO
Erickson Aviation,Heli-Expo 2015,ericksonaviation:heliexpo2015,2015-03-03,2015-03-05,AST_3,DORMANT,2015-02-03,DORMANT01,NO
Teads,Mobile World Congress 2015 (MWC),teads:mwc2015,2015-03-02,2015-03-05,AST_3,DORMANT,2015-02-12,DORMANT01,NO
Nuance,Mobile World Congress 2015 (MWC),nuance:mwc2015,2015-03-02,2015-03-05,AST_3,DORMANT,2015-02-09,DORMANT01,NO
Synaptics,Mobile World Congress 2015 (MWC),synaptics:mwc2015,2015-03-02,2015-03-05,AST_3,DORMANT,2015-01-28,DORMANT01,NO
Marvell,Mobile World Congress 2015 (MWC),marvell:mwc2015,2015-03-02,2015-03-05,AST_3,DORMANT,2015-01-27,DORMANT01,NO
Tektronix Communications,Mobile World Congress 2015 (MWC),tektronixcommunications:mwc2015,2015-03-02,2015-03-05,AST_3,DORMANT,2015-01-12,DORMANT01,NO
Citrix,Mobile World Congress 2015 (MWC),citrix:mwc2015,2015-03-02,2015-03-05,AST_3,DORMANT,2015-01-09,DORMANT01,NO
Cisco,Mobile World Congress 2015 (MWC),cisco:mwc2015,2015-03-02,2015-03-05,AST_3,DORMANT,2015-01-08,DORMANT01,NO
Dolby,Mobile World Congress 2015 (MWC),dolby:mwc2015,2015-03-02,2015-03-05,AST_3,DORMANT,2015-01-08,DORMANT01,NO
Brocade,Mobile World Congress 2015 (MWC),brocade:mwc2015,2015-03-02,2015-03-05,AST_3,DORMANT,2014-12-17,DORMANT01,NO
NetScout,Mobile World Congress 2015 (MWC),netscout:mwc2015,2015-03-02,2015-03-05,AST_3,DORMANT,2014-12-08,DORMANT01,NO
Juniper Networks,Mobile World Congress 2015 (MWC),junipernetworks:mwc2015,2015-03-02,2015-03-05,AST_3,DORMANT,2014-11-26,DORMANT01,NO
F5 Networks,Mobile World Congress 2015 (MWC),f5:mwc2015,2015-03-02,2015-03-05,AST_3,DORMANT,2014-11-19,DORMANT01,NO
Micron,Mobile World Congress 2015 (MWC),micron:mwc2015,2015-03-02,2015-03-05,AST_3,DORMANT,2014-11-14,DORMANT01,NO
Symantec,Mobile World Congress 2015 (MWC),symantec:mwc2015,2015-03-02,2015-03-05,AST_3,DORMANT,2014-11-11,DORMANT01,NO
Ruckus,Mobile World Congress 2015 (MWC),ruckus:mwc2015,2015-03-02,2015-03-05,AST_3,DORMANT,2014-11-11,DORMANT01,NO
ARM,Mobile World Congress 2015 (MWC),arm:mwc2015,2015-03-02,2015-03-05,AST_3,DORMANT,2014-10-27,DORMANT01,NO
Yahoo!,Mobile World Congress 2015 (MWC),yahoo:mwc2015,2015-03-02,2015-03-05,AST_3,DORMANT,2014-10-21,DORMANT01,NO
Pitney Bowes,Hunkeler Innovation Days 2015,pitneybowes:hunkelerinnovationdays2015,2015-02-23,2015-02-26,MST_2,DORMANT,2015-01-12,DORMANT01,NO
EMC,Strata + Hadoop World 2015,emc:shw2015,2015-02-18,2015-02-20,AST_3,DORMANT,2015-01-12,DORMANT01,NO
Sanofi,BMT 2015,sanofi:bmt2015,2015-02-11,2015-02-15,AST_3,DORMANT,2015-01-09,DORMANT01,NO
Ciena,BizConnect EMEA Partner Summit 2015,ciena:bizconnectsummitemea2015,2015-02-11,2015-02-12,MST_2,DORMANT,2015-01-15,DORMANT01,NO
Cisco,Data Center Partner Connection Americas 2015,cisco:dcpca2015,2015-02-09,2015-02-12,MST_2,DORMANT,2015-01-23,DORMANT01,NO
Cisco,Integrated Integrated Systems Europe,cisco:ise2015,2015-02-10,2015-02-12,AST_3,DORMANT,2015-01-12,DORMANT01,NO
EMC,VMware PXE 2015,emc:vmwarepex2015,2015-02-03,2015-02-05,MST_2,DORMANT,2014-12-19,DORMANT01,NO
VMWare,Executive Forum Quick Connect 2015,vmware:partnerexchange2015,2015-02-03,2015-02-05,AST_SMT,DORMANT,2015-01-12,DORMANT01,NO
Cisco,DistribuTECH 2015,cisco:distributech2015,2015-02-03,2015-02-05,AST_3,DORMANT,2015-01-22,DORMANT01,NO
Cisco,VMware Partner Exchange 2015,cisco:vmpx2015,2015-02-02,2015-02-05,AST_3,DORMANT,2015-01-28,DORMANT01,NO
NetApp,VMware Partner Exchange 2015,netapp:vmpx2015,2015-02-02,2015-02-05,AST_3,DORMANT,2014-12-12,DORMANT01,NO
Model N,Rainmaker 2015,modeln:rainmaker2015,2015-02-02,2015-02-04,AST_3,DORMANT,2014-12-24,DORMANT01,NO
Brocade,VMware Partner Exchange 2015,brocade:vmwarepex2015,2015-02-02,2015-02-04,AST_3,DORMANT,2014-12-22,DORMANT01,NO
Zeltiq,IMCAS 2015,zeltiq:imcas2015,2015-01-30,2015-02-01,MST_2,DORMANT,2014-11-21,DORMANT01,NO
Cisco,Cisco Live Milan 2015 : Global Events,cisco:livemilan2015,2015-01-26,2015-01-30,AST_3,DORMANT,2014-12-23,DORMANT01,NO
Cisco,Cisco Investments Connect 2015,cisco:clmilancic2015,2015-01-26,2015-01-30,AST_3,DORMANT,2014-12-23,DORMANT01,NO
Ciena,Ciena BizConnect Americas Partner Summit 2015,ciena:bizconnectsummit2015,2015-01-28,2015-01-29,MST_2,DORMANT,2014-12-29,DORMANT01,NO
Cisco,Cisco Live Milan 2015 : Data Center,cisco:livedcmilan2015,2015-01-26,2015-01-29,MST_2,DORMANT,2014-12-08,DORMANT01,NO
EMC,Cisco Live Milan 2015,emc:ciscolivemilan2015,2015-01-27,2015-01-29,AST_3,DORMANT,2014-12-31,DORMANT01,NO
Cisco,Cisco Live Milan 2015: Meet the Executive,cisco:execlivemilan2015,2015-01-27,2015-01-29,AST_3,DORMANT,2014-11-06,DORMANT01,NO
Ciena,Metro Connect USA 2015,ciena:metroconnectusa2015,2015-01-27,2015-01-28,MST_2,DORMANT,2015-01-07,DORMANT01,NO
Cisco,Solution Partner 1:1 Meetings,cisco:clmilanspp2015,2015-01-26,2015-01-26,AST_3,DORMANT,2014-12-18,DORMANT01,NO
1105 Media,FETC 2015,1105media:fetc2015,2015-01-20,2015-01-23,AST_SMT,DORMANT,2015-01-02,DORMANT01,NO
SAP,SAP Field Kick-Off Meeting - Barcelona,sap:fkombarcelona2015,2015-01-19,2015-01-23,AST_3,DORMANT,2014-12-04,DORMANT01,NO
Juniper Networks,IDEAS/Connected 2015,junipernetworks:ideasconnected2015,2015-01-20,2015-01-22,AST_3,DORMANT,2014-12-22,DORMANT01,NO
SAP,SAP Field Kick-Off Meeting - San Diego,sap:fkomsandiego2015,2015-01-20,2015-01-22,AST_3,DORMANT,2014-12-15,DORMANT01,NO
Ciena,PTC 2015,ciena:ptc2015,2015-01-18,2015-01-22,AST_3,DORMANT,2014-11-21,DORMANT01,NO
Ciena,PTC 2015 (Demo Request),ciena:demorequestptc2015,2015-01-18,2015-01-21,MST_2,DORMANT,2014-12-16,DORMANT01,NO
Cisco,FKOM 2015,cisco:fkom2015,2015-01-19,2015-01-20,AST_3,DORMANT,2014-12-13,DORMANT01,NO
SAP,SAP Field Kick-Off Meeting - Riviera Maya,sap:fkomrivieramaya2015,2015-01-13,2015-01-15,AST_3,DORMANT,2014-12-15,DORMANT01,NO
ServiceNow,Sales Kick Off 2015,servicenow:kickoff2015,2015-01-11,2015-01-14,MST_2,DORMANT,2014-12-08,DORMANT01,NO
Oracle,NRF 2015,oracle:nrf2015,2015-01-11,2015-01-14,MST_2,DORMANT,2014-11-05,DORMANT01,NO
SAP,SAP Field Kick-Off Meeting - Singapore,sap:fkomsingapore2015,2015-01-12,2015-01-14,AST_3,DORMANT,2014-12-04,DORMANT01,NO
Cisco,NRF 2015,cisco:nrf2015,2015-01-11,2015-01-14,AST_3,DORMANT,2014-11-11,DORMANT01,NO
SAP,NRF 2015,sap:nrf2015,2015-01-11,2015-01-14,AST_3,DORMANT,2014-11-03,DORMANT01,NO
SAP,SAP Field Kick-Off Meeting - Beijing,sap:fkombeijing2015,2015-01-07,2015-01-09,AST_3,DORMANT,2014-12-04,DORMANT01,NO
Adobe,CES 2015,adobe:ces2015,2015-01-06,2015-01-09,AST_3,DORMANT,2014-12-08,DORMANT01,NO
Cisco,CES 2015,cisco:ces2015,2015-01-06,2015-01-09,AST_3,DORMANT,2014-12-01,DORMANT01,NO
Plantronics,CES 2015,plantronics:ces2015,2015-01-06,2015-01-09,AST_3,DORMANT,2014-11-11,DORMANT01,NO
Dolby,CES 2015,dolby:ces2015,2015-01-06,2015-01-09,AST_3,DORMANT,2014-11-11,DORMANT01,NO
Marvell,CES 2015,marvell:ces2015,2015-01-06,2015-01-09,AST_3,DORMANT,2014-11-10,DORMANT01,NO
Yahoo!,CES 2015,yahoo:ces2015,2015-01-06,2015-01-09,AST_3,DORMANT,2014-11-04,DORMANT01,NO
ARM,CES 2015,arm:ces2015,2015-01-06,2015-01-09,AST_3,DORMANT,2014-10-29,DORMANT01,NO
Nuance,CES 2015,nuance:ces2015,2015-01-05,2015-01-08,AST_3,DORMANT,2014-10-21,DORMANT01,NO
Cisco,APJ & GC Enterprise Networking Connection 2014,cisco:enc2014,2014-12-09,2014-12-11,AST_3,DORMANT,2014-11-05,DORMANT01,NO
Sanofi,ASH 2014,sanofi:ash2014,2014-12-06,2014-12-09,AST_3,DORMANT,2014-09-24,DORMANT01,NO
Dolby,CineAsia 2014,dolby:cineasia2014,2014-12-07,2014-12-08,AST_3,DORMANT,2014-11-14,DORMANT01,NO
VCE,Gartner Data Center Conference,vce:gartnerdata2014,2014-12-02,2014-12-05,AST_3,DORMANT,2014-11-06,DORMANT01,NO
Nuance,RSNA 2014,nuance:rsna2014,2014-11-30,2014-12-05,AST_3,DORMANT,2014-07-15,DORMANT01,NO
Brocade,HP Discover 2014,brocade:hpdiscover2014,2014-12-02,2014-12-04,AST_3,DORMANT,2014-11-01,DORMANT01,NO
NetApp,Gartner Data Center 2014,netapp:execgdc2014,2014-12-02,2014-12-04,AST_3,DORMANT,2014-10-22,DORMANT01,NO
McKesson,RSNA 2014,mckesson:rsna2014,2014-11-30,2014-12-04,AST_3,DORMANT,2014-09-26,DORMANT01,NO
Bayer HealthCare,RSNA 2014,bayerhealthcare:rsna2014,2014-11-30,2014-12-04,AST_3,DORMANT,2014-09-17,DORMANT01,NO
Cisco,MEF GEN14,cisco:mefgen2014,2014-11-17,2014-11-21,AST_3,DORMANT,2014-10-01,DORMANT01,NO
Micron,SC14,micron:sc14,2014-11-16,2014-11-21,AST_3,DORMANT,2014-05-16,DORMANT01,NO
Ciena,MEF GEN14,ciena:mef2014,2014-11-17,2014-11-20,MST_2,DORMANT,2014-10-27,DORMANT01,NO
Cisco,Cisco Collaboration Summit 2014,cisco:collab2014,2014-11-17,2014-11-20,MST_2,DORMANT,2014-10-06,DORMANT01,NO
EMC Isilon,SuperComputing 2014,emcisilon:supercom2014,2014-11-18,2014-11-20,AST_3,DORMANT,2014-10-22,DORMANT01,NO
NetApp,SuperComputing 2014,netapp:supercom2014,2014-11-18,2014-11-20,AST_3,DORMANT,2014-10-01,DORMANT01,NO
Tektronix Communications,LTE North America 2014,tektronixcommunications:ltena2014,2014-11-18,2014-11-20,AST_3,DORMANT,2014-09-17,DORMANT01,NO
ARM,SC14,arm:sc14,2014-11-17,2014-11-20,AST_3,DORMANT,2014-10-01,DORMANT01,NO
Brocade,Supercomputing 2014,brocade:supercomputing2014,2014-11-17,2014-11-20,AST_3,DORMANT,2014-09-18,DORMANT01,NO
Nuance,Supercomputing 2014,nuance:supercomputing2014,2014-11-17,2014-11-20,AST_3,DORMANT,2014-09-17,DORMANT01,NO
NetApp,Insight EMEA 2014,netapp:execinsightemea2014,2014-11-17,2014-11-20,AST_3,DORMANT,2014-08-05,DORMANT01,NO
NetApp,AWS re:Invent,netapp:engaws2014,2014-11-11,2014-11-14,MST_2,DORMANT,2014-09-24,DORMANT01,NO
Cisco,BAI Retail Delivery,cisco:bai2014,2014-11-12,2014-11-14,AST_3,DORMANT,2014-09-17,DORMANT01,NO
Cisco,AWS re:Invent 2014,cisco:aws2014,2014-11-11,2014-11-14,AST_3,DORMANT,2014-10-15,DORMANT01,NO
NetApp,Meet the Executive at AWS,netapp:execaws2014,2014-11-11,2014-11-14,AST_3,DORMANT,2014-09-15,DORMANT01,NO
Micron,Electronica 2014,micron:electronica2014,2014-11-11,2014-11-14,AST_3,DORMANT,2014-05-16,DORMANT01,NO
Intacct,Intacct Advantage 2014,intacct:advantage2014,2014-11-09,2014-11-13,MST_2,DORMANT,2014-09-16,DORMANT01,NO
Amadeus,PhoCusWright 2014,amadeus:phocuswright2014,2014-11-11,2014-11-13,AST_3,DORMANT,2014-10-10,DORMANT01,NO
Tektronix Communications,AfricaCom 2014,tektronixcommunications:africacom2014,2014-11-11,2014-11-13,AST_3,DORMANT,2014-09-01,DORMANT01,NO
Zeltiq,America Society for Dermatologic Surgery (ASDS) 2014,zeltiq:asds2014,2014-11-06,2014-11-09,MST_2,DORMANT,2014-10-06,DORMANT01,NO
Dell,Dell World 2014,dell:dellworld2014,2014-11-04,2014-11-07,MST_2,DORMANT,2014-08-21,DORMANT01,NO
Dell,EBC @ Dell World 2014,dell:ebc2014,2014-11-04,2014-11-07,AST_3,DORMANT,2014-09-03,DORMANT01,NO
EMC,OpenStack Summit,emc:openstack2014,2014-11-03,2014-11-07,AST_3,DORMANT,2014-10-24,DORMANT01,NO
Attachmate,BrainShare 2014,attachmategroup:brainshare2014,2014-11-02,2014-11-05,MST_2,DORMANT,2014-08-19,DORMANT01,NO
Nuance,Cerner CHC 2014,nuance:cernerchc2014,2014-11-02,2014-11-04,AST_3,DORMANT,2014-10-08,DORMANT01,NO
Cisco,Cisco Data Center Partner Connection,cisco:dcpcapjc2014,2014-10-28,2014-10-30,MST_2,DORMANT,2014-09-11,DORMANT01,NO
Dolby,ShowEast 2014,dolby:showeast2014,2014-10-27,2014-10-30,AST_3,DORMANT,2014-09-01,DORMANT01,NO
NetApp,Insight US 2014,netapp:execinsightus2014,2014-10-27,2014-10-30,AST_3,DORMANT,2014-08-05,DORMANT01,NO
Avnet,IBM Insight,avnet:ibminsight2014,2014-10-26,2014-10-30,AST_3,DORMANT,2014-08-20,DORMANT01,NO
Athenahealth,MGMA Annual 2014,athenahealth:mgma2014,2014-10-26,2014-10-29,AST_3,DORMANT,2014-09-30,DORMANT01,NO
McKesson,NHPCO_CTC 2014,mckesson:nhpcoctc2014,2014-10-27,2014-10-28,AST_3,DORMANT,2014-09-24,DORMANT01,NO
Haemonetics,AABB 2014,haemonetics:aabb2014,2014-10-25,2014-10-28,AST_3,DORMANT,2014-08-05,DORMANT01,NO
American Express,INTER[action] 2014,americanexpress:interaction2014,2014-10-23,2014-10-27,AST_SMT,DORMANT,2014-09-18,DORMANT01,NO
Cisco,SAP TechEd && d-code 2014,cisco:teched2014,2014-10-20,2014-10-24,AST_3,DORMANT,2014-09-18,DORMANT01,NO
Cisco,Broadband World Forum 2014,cisco:bbwf2014,2014-10-21,2014-10-23,AST_3,DORMANT,2014-09-29,DORMANT01,NO
Marvell,Broadband World Forum 2014,marvell:bbwf2014,2014-10-21,2014-10-23,AST_3,DORMANT,2014-09-29,DORMANT01,NO
Symantec,Symantec Vision Symposium - London 2014,symantec:visionlondon2014,2014-10-20,2014-10-21,MST_2,DORMANT,2014-08-27,DORMANT01,NO
McKesson,NAHC 2014,mckesson:nahc2014,2014-10-19,2014-10-21,AST_3,DORMANT,2014-09-26,DORMANT01,NO
EMC Isilon,Strata Conference + Hadoop World 2014,emcisilon:hadoopworld2014,2014-10-16,2014-10-17,AST_3,DORMANT,2014-09-19,DORMANT01,NO
Cisco,Strata + Hadoop World 2014,cisco:strata2014,2014-10-16,2014-10-17,AST_3,DORMANT,2014-09-16,DORMANT01,NO
Cisco,Internet of Things World Forum,cisco:iot2014,2014-10-14,2014-10-16,MST_2,DORMANT,2014-08-20,DORMANT01,NO
Cisco,VMworld Europe 2014,cisco:vmweurope2014,2014-10-14,2014-10-16,AST_3,DORMANT,2014-09-04,DORMANT01,NO
AGT International,Internet of Things World Forum,agtinternational:iot2014,2014-10-14,2014-10-16,AST_3,DORMANT,2014-08-28,DORMANT01,NO
AirWatch,Internet of Things World Forum,airwatch:iot2014,2014-10-14,2014-10-16,AST_3,DORMANT,2014-08-28,DORMANT01,NO
Freescale,Internet of Things World Forum,freescale:iot2014,2014-10-14,2014-10-16,AST_3,DORMANT,2014-08-28,DORMANT01,NO
IBM,Internet of Things World Forum,ibm:iot2014,2014-10-14,2014-10-16,AST_3,DORMANT,2014-08-28,DORMANT01,NO
Intel,Internet of Things World Forum,intel:iot2014,2014-10-14,2014-10-16,AST_3,DORMANT,2014-08-28,DORMANT01,NO
Oracle,Internet of Things World Forum,oracle:iot2014,2014-10-14,2014-10-16,AST_3,DORMANT,2014-08-28,DORMANT01,NO
Panduit,Internet of Things World Forum,panduit:iot2014,2014-10-14,2014-10-16,AST_3,DORMANT,2014-08-28,DORMANT01,NO
Rockwell Automation,Internet of Things World Forum,rockwellautomation:iot2014,2014-10-14,2014-10-16,AST_3,DORMANT,2014-08-28,DORMANT01,NO
SAP,Internet of Things World Forum,sap:iot2014,2014-10-14,2014-10-16,AST_3,DORMANT,2014-08-28,DORMANT01,NO
Schneider Electric,Internet of Things World Forum,schneiderelectric:iot2014,2014-10-14,2014-10-16,AST_3,DORMANT,2014-08-28,DORMANT01,NO
Siemens,Internet of Things World Forum,siemens:iot2014,2014-10-14,2014-10-16,AST_3,DORMANT,2014-08-28,DORMANT01,NO
TTTech,Internet of Things World Forum,tttech:iot2014,2014-10-14,2014-10-16,AST_3,DORMANT,2014-08-28,DORMANT01,NO
Zebra Technologies,Internet of Things World Forum,zebratechnologies:iot2014,2014-10-14,2014-10-16,AST_3,DORMANT,2014-08-28,DORMANT01,NO
VCE,VMworld EMEA 2014,vce:vmworldemea2014,2014-10-14,2014-10-16,AST_3,DORMANT,2014-08-20,DORMANT01,NO
EMC,VMworld EMEA 2014,emc:vmworldemea2014,2014-10-14,2014-10-16,AST_3,DORMANT,2014-08-07,DORMANT01,NO
Docusign,Dreamforce 2014,docusign:dreamforce2014,2014-10-13,2014-10-16,AST_3,DORMANT,2014-08-20,DORMANT01,NO
Cipher Cloud,Dreamforce 2014,ciphercloud:dreamforce2014,2014-10-13,2014-10-16,AST_3,DORMANT,2014-08-19,DORMANT01,NO
Cloud Sherpas,Dreamforce 2014,cloudsherpas:dreamforce2014,2014-10-13,2014-10-16,AST_3,DORMANT,2014-08-01,DORMANT01,NO
Informatica,Dreamforce 2014,informatica:dreamforce2014,2014-10-13,2014-10-16,AST_3,DORMANT,2014-07-15,DORMANT01,NO
Symantec,GITEX 2014,symantec:gitex2014,2014-10-12,2014-10-16,AST_3,DORMANT,2014-09-23,DORMANT01,NO
SoftwareAG,Innovation World 2014 - Meet the Experts,softwareag:innovationworldmte2014,2014-10-13,2014-10-15,MST_2,DORMANT,2014-08-20,DORMANT01,NO
SoftwareAG,Innovation World 2014,softwareag:innovationworld2014,2014-10-13,2014-10-15,MST_2,DORMANT,2014-07-17,DORMANT01,NO
ZeltIQ,American Society of Plastic Surgeons (ASPS) 2014,zeltiq:asps2014,2014-10-10,2014-10-14,MST_2,DORMANT,2014-09-16,DORMANT01,NO
Splunk,.conf2014: The 5th Annual Splunk Worldwide Users' Conference,splunk:conf2014,2014-10-06,2014-10-09,MST_2,DORMANT,2014-09-05,DORMANT01,NO
Cisco,Gartner Symposium ITxpo,cisco:gartner2014,2014-10-05,2014-10-09,AST_3,DORMANT,2014-08-20,DORMANT01,NO
Symantec,Symantec Vision Symposium - Paris 2014,symantec:visionparis2014,2014-10-07,2014-10-08,MST_2,DORMANT,2014-08-20,DORMANT01,NO
ARM,TechCon 2014,arm:techcon2014,2014-10-01,2014-10-03,AST_3,DORMANT,2014-08-01,DORMANT01,NO
Oracle,Open World 2014 - A & C,oracle:oowac2014,2014-09-28,2014-10-02,MST_2,DORMANT,2014-06-09,DORMANT01,NO
Oracle,OpenWorld 2014 - CGBU,oracle:oowcgbu2014,2014-09-28,2014-10-02,MST_2,DORMANT,2014-06-09,DORMANT01,NO
Cisco,Interop NY 2014,cisco:interopny2014,2014-10-01,2014-10-02,AST_3,DORMANT,2014-08-14,DORMANT01,NO
EMC Isilon,Global Gaming Expo (G2E) 2014,emcisilon:g2e2014,2014-09-30,2014-10-02,AST_3,DORMANT,2014-08-27,DORMANT01,NO
Cisco,Oracle Open World 2014,cisco:oow2014,2014-09-29,2014-10-02,AST_3,DORMANT,2014-09-10,DORMANT01,NO
Dell,Oracle Open World 2014,dell:oow2014,2014-09-28,2014-10-02,AST_3,DORMANT,2014-09-19,DORMANT01,NO
Informatica,Oracle Open World 2014,informatica:openworld2014,2014-09-28,2014-10-02,AST_3,DORMANT,2014-08-25,DORMANT01,NO
Nuance,AHIMA 2014,nuance:ahima2014,2014-09-27,2014-10-02,AST_3,DORMANT,2014-08-26,DORMANT01,NO
NetApp,Oracle Open World | Meet the Engineer,netapp:engoracleworld2014,2014-09-29,2014-10-01,MST_2,DORMANT,2014-07-22,DORMANT01,NO
EMC Isilon,ASIS 2014,emcisilon:asis2014,2014-09-29,2014-10-01,AST_3,DORMANT,2014-07-30,DORMANT01,NO
NetApp,Oracle Open World | Meet the Executive,netapp:execoracleworld2014,2014-09-29,2014-10-01,AST_3,DORMANT,2014-07-22,DORMANT01,NO
Cisco,SCTE Cable-Tec Expo 2014,cisco:scte2014,2014-09-22,2014-09-25,AST_3,DORMANT,2014-07-10,DORMANT01,NO
Step,STEP Conference 2014,step:step2014,2014-09-23,2014-09-24,AST_SMT,DORMANT,2014-08-21,DORMANT01,NO
EMC Isilon,HETT 2014,emcisilon:hett2014,2014-09-24,2014-09-24,AST_3,DORMANT,2014-08-27,DORMANT01,NO
Marvell,IBC 2014,marvell:ibc2014,2014-09-12,2014-09-16,AST_3,DORMANT,2014-08-05,DORMANT01,NO
Dolby,IBC 2014,dolby:ibc2014,2014-09-12,2014-09-16,AST_3,DORMANT,2014-07-28,DORMANT01,NO
Cisco,IBC 2014,cisco:ibc2014,2014-09-12,2014-09-16,AST_3,DORMANT,2014-07-24,DORMANT01,NO
EMC Isilon,Meeting Request IBC 2014,emcisilon:meetingrequestibc2014,2014-09-12,2014-09-16,AST_3,DORMANT,2014-07-16,DORMANT01,NO
Imagine Communications,IBC 2014,imaginecommunications:ibc2014,2014-09-12,2014-09-16,AST_3,DORMANT,2014-07-14,DORMANT01,NO
EMC Isilon,IBC 2014,emcisilon:ibc2014,2014-09-12,2014-09-16,AST_3,DORMANT,2014-07-08,DORMANT01,NO
Adobe,IBC 2014,adobe:ibc2014,2014-09-12,2014-09-16,AST_3,DORMANT,2014-06-30,DORMANT01,NO
Ariba,SuccessConnect 2014,ariba:successconnect2014,2014-09-09,2014-09-11,MST_2,DORMANT,2014-07-28,DORMANT01,NO
Tektronix Communications,Super Mobility Week 2014,tektronixcommunications:mobilityweek2014,2014-09-09,2014-09-11,AST_3,DORMANT,2014-08-12,DORMANT01,NO
Time Warner Cable,Cloud Partners 2014,timewarnercable:cloudpartners2014,2014-09-08,2014-09-10,AST_3,DORMANT,2014-08-06,DORMANT01,NO
Box,BoxWorks 2014,box:boxworks2014,2014-09-02,2014-09-04,MST_2,DORMANT,2014-06-16,DORMANT01,NO
NetApp,Flash Summit 2014,netapp:execflashsummit2014,2014-08-25,2014-08-28,AST_3,DORMANT,2014-06-21,DORMANT01,NO
Cisco,VMWorld 2014 Whisper Suites 2014,cisco:acivmworld2014,2014-08-25,2014-08-28,AST_3,DORMANT,2014-06-18,DORMANT01,NO
Capgemini,VMWorld 2014,capgemini:vmworld2014,2014-08-24,2014-08-28,AST_3,DORMANT,2014-07-30,DORMANT01,NO
Dell,VMWorld 2014 | ESG,dell:esgvmworld2014,2014-08-24,2014-08-28,AST_3,DORMANT,2014-07-28,DORMANT01,NO
Dell,VMWorld 2014,dell:vmworld2014,2014-08-24,2014-08-27,MST_2,DORMANT,2014-07-22,DORMANT01,NO
Cisco,VMWorld 2014,cisco:vmworld2014,2014-08-24,2014-08-27,MST_2,DORMANT,2014-07-03,DORMANT01,NO
NetApp,VMworld 2014 | Meet the Engineer,netapp:engvmworld2014,2014-08-24,2014-08-27,MST_2,DORMANT,2014-06-19,DORMANT01,NO
VMWare,VMWorld 2014,vmware:vmworld2014,2014-08-24,2014-08-27,AST_3,DORMANT,2014-08-07,DORMANT01,NO
VCE,VMWorld 2014,vce:vmworld2014,2014-08-24,2014-08-27,AST_3,DORMANT,2014-07-08,DORMANT01,NO
Brocade,VMWorld 2014,brocade:vmworld2014,2014-08-24,2014-08-27,AST_3,DORMANT,2014-06-30,DORMANT01,NO
EMC,VMWorld 2014,emc:vmworld2014,2014-08-24,2014-08-27,AST_3,DORMANT,2014-06-27,DORMANT01,NO
NetApp,VMworld 2014,netapp:execvmworld2014,2014-08-24,2014-08-27,AST_3,DORMANT,2014-06-20,DORMANT01,NO
McKesson,Insight 2014,mckesson:insight2014,2014-08-04,2014-08-08,AST_3,DORMANT,2014-07-01,DORMANT01,NO
ARM,Partner Meeting 2014,arm:apm2014,2014-08-04,2014-08-07,AST_3,DORMANT,2014-05-20,DORMANT01,NO
Amadeus,Global Business Travel Association (GBTA) Convention 2014,amadeus:gbta2014,2014-07-26,2014-07-30,AST_3,DORMANT,2014-06-27,DORMANT01,NO
Cisco,Microsoft Worldwide Partner Conference 2014,cisco:msft2014,2014-07-13,2014-07-17,AST_3,DORMANT,2014-05-30,DORMANT01,NO
CEMA,CEMA Summit 2014,cema:cemasummit2014,2014-07-13,2014-07-14,AST_3,DORMANT,2014-06-17,DORMANT01,NO
Symantec,Symantec Vision Symposium - Munich 2014,symantec:visionmunich2014,2014-07-08,2014-07-09,MST_2,DORMANT,2014-06-04,DORMANT01,NO
Dell,AFCEA Cyber Symposium 2014,dell:afcea2014,2014-06-24,2014-06-25,AST_3,DORMANT,2014-06-03,DORMANT01,NO
Tektronix Communications,LTE 2014,tektronixcommunications:lte2014,2014-06-23,2014-06-25,AST_3,DORMANT,2014-05-09,DORMANT01,NO
athenahealth,HFMA ANI 2014,athenahealth:ani2014,2014-06-22,2014-06-25,AST_3,DORMANT,2014-05-21,DORMANT01,NO
Nuance,ANI 2014,nuance:ani2014,2014-06-22,2014-06-25,AST_3,DORMANT,2014-05-02,DORMANT01,NO
Yahoo!,Cannes Lions Festival 2014,yahoo:clf2014,2014-06-15,2014-06-21,AST_3,DORMANT,2014-04-14,DORMANT01,NO
Cisco,Infocomm2014,cisco:infocomm2014,2014-06-18,2014-06-20,AST_3,DORMANT,2014-04-30,DORMANT01,NO
Tektronix Communications,CommunicAsia 2014,tektronixcommunications:commasia2014,2014-06-17,2014-06-20,AST_3,DORMANT,2014-05-03,DORMANT01,NO
Medtronic,Russia TCT 2014,medtronic:russiatct2014,2014-06-16,2014-06-17,AST_3,DORMANT,2014-06-02,DORMANT01,NO
Medtronic,SVS 2014,medtronic:svs2014,2014-06-04,2014-06-06,AST_3,DORMANT,2014-05-07,DORMANT01,NO
Marvell,Computex2014,marvell:computex2014,2014-06-03,2014-06-06,AST_3,DORMANT,2014-05-02,DORMANT01,NO
Docusign,Momentum LDN 2014,docusign:momentumldn2014,2014-06-03,2014-06-05,MST_2,DORMANT,2014-05-05,DORMANT01,NO
Oracle,TM Forum’s Management World 2014,oracle:tmforum2014,2014-06-03,2014-06-05,MST_2,DORMANT,2014-04-10,DORMANT01,NO
NetApp,Industry Analysts Summit 2014,netapp:ias2014,2014-06-04,2014-06-05,AST_3,DORMANT,2014-03-28,DORMANT01,NO
EMC,Sapphire 2014,emc:sapphire2014,2014-06-03,2014-06-05,AST_3,DORMANT,2014-04-29,DORMANT01,NO
VCE,Sapphire 2014,vce:sapphire2014,2014-06-03,2014-06-05,AST_3,DORMANT,2014-04-29,DORMANT01,NO
NetApp,SAP SAPPHIRE NOW 2014,netapp:sapphire2014,2014-06-03,2014-06-05,AST_3,DORMANT,2014-03-04,DORMANT01,NO
Cisco,SAP SapphireNow 2014,cisco:sapphire2014,2014-06-02,2014-06-05,AST_3,DORMANT,2014-03-26,DORMANT01,NO
ARM,DAC 2014,arm:dac2014,2014-06-01,2014-06-05,AST_3,DORMANT,2014-05-01,DORMANT01,NO
Sanofi,American Society of Clinical Oncology 2014,sanofi:asco2014,2014-05-30,2014-06-02,AST_3,DORMANT,2014-04-02,DORMANT01,NO
EMC,Cisco Live 2014,emc:ciscolivesf2014,2014-05-19,2014-05-22,MST_2,DORMANT,2014-04-04,DORMANT01,NO
Cisco,Cisco Live San Francisco 2014,cisco:ciscolivedc2014,2014-05-18,2014-05-22,MST_2,DORMANT,2014-03-27,DORMANT01,NO
Cisco,Cisco Live 2014 – Meet the Executive,cisco:ciscolive2014,2014-05-18,2014-05-22,MST_2,DORMANT,2014-01-20,DORMANT01,NO
Cisco,Cisco Live 2014 – Executive Scheduler,cisco:exec2014,2014-05-18,2014-05-22,MPAST,DORMANT,2014-01-20,DORMANT01,NO
Cisco,ANGACOM 2014,cisco:anga2014,2014-05-20,2014-05-22,AST_3,DORMANT,2014-04-18,DORMANT01,NO
VCE,Cisco Live 2014,vce:ciscolive2014,2014-05-19,2014-05-22,AST_3,DORMANT,2014-04-29,DORMANT01,NO
LSI,Cisco Live 2014,lsi:ciscolive2014,2014-05-19,2014-05-22,AST_3,DORMANT,2014-04-09,DORMANT01,NO
NetApp,OpenStack 2014,netapp:openstack2014,2014-05-19,2014-05-22,AST_3,DORMANT,2014-03-21,DORMANT01,NO
NetApp,Cisco Live 2014,netapp:ciscolive2014,2014-05-19,2014-05-22,AST_3,DORMANT,2014-03-18,DORMANT01,NO
Cisco,Cisco Live W.I. 2014,cisco:ciscolivewi2014,2014-05-18,2014-05-22,AST_3,DORMANT,2014-05-14,DORMANT01,NO
Cisco,Cisco Live San Francisco ACI 2014,cisco:livesfaci2014,2014-05-18,2014-05-22,AST_3,DORMANT,2014-04-02,DORMANT01,NO
Cisco,Cisco Live U.S. 2014,cisco:ciscoliveus2014,2014-05-18,2014-05-22,AST_3,DORMANT,2014-03-26,DORMANT01,NO
Symantec,Symantec Vision Symposium - Dubai 2014,symantec:visiondubai2014,2014-05-20,2014-05-21,MST_2,DORMANT,2014-05-06,DORMANT01,NO
American Express,UK Client and Partner Summit 2014,americanexpress:suppliersummit2014,2014-05-20,2014-05-21,AST_SMT,DORMANT,2014-04-09,DORMANT01,NO
Xactly,CompCloud14 2014,xactly:compcloud14,2014-05-19,2014-05-21,AST_3,DORMANT,2014-04-01,DORMANT01,NO
Nuance,SIIM 2014,nuance:siim2014,2014-05-15,2014-05-17,AST_3,DORMANT,2014-04-18,DORMANT01,NO
Merge,SIIM 2014,merge:siim2014,2014-05-15,2014-05-17,AST_3,DORMANT,2014-04-18,DORMANT01,NO
Avnet,TS Partner Summit 2014,avnet:ps2014,2014-05-13,2014-05-16,MST_2,DORMANT,2014-03-28,DORMANT01,NO
EMC,EMC World BD 2014,emc:emcworldbd2014,2014-05-05,2014-05-08,MST_2,DORMANT,2014-04-01,DORMANT01,NO
Cisco,EMC World 2014,cisco:emcworld2014,2014-05-05,2014-05-08,MST_2,DORMANT,2014-03-28,DORMANT01,NO
EMC,EMC World EMSD Meetings 2014,emc:emcworldemsd2014,2014-05-05,2014-05-08,MST_2,DORMANT,2014-03-19,DORMANT01,NO
Cisco,Marketing Velocity 2014,cisco:marketingvelocity2014,2014-05-05,2014-05-08,MST_2,DORMANT,2014-02-14,DORMANT01,NO
Symantec,Vision 2014,symantec:vision2014,2014-05-04,2014-05-08,MST_2,DORMANT,2014-03-26,DORMANT01,NO
Cisco,Citrix Synergy LA 2014,cisco:synergyla2014,2014-05-06,2014-05-08,AST_3,DORMANT,2014-04-04,DORMANT01,NO
EMC,EMC World 2014,emc:emcworldhol2014,2014-05-05,2014-05-08,AST_3,DORMANT,2014-04-14,DORMANT01,NO
VCE,EMC World 2014,vce:emcworld2014,2014-05-05,2014-05-08,AST_3,DORMANT,2014-03-21,DORMANT01,NO
Brocade,EMC World 2014,brocade:emcworld2014,2014-05-05,2014-05-08,AST_3,DORMANT,2014-03-11,DORMANT01,NO
ServiceNow,Knowledge 2014,servicenow:knowledge14,2014-04-27,2014-05-01,MST_2,DORMANT,2014-04-10,DORMANT01,NO
Cisco,The Cable Show 2014,cisco:ncta2014,2014-04-29,2014-05-01,AST_3,DORMANT,2014-03-21,DORMANT01,NO
NetApp,Citrix Synergy 2014,netapp:synergy2014,2014-04-14,2014-04-17,AST_3,DORMANT,2014-03-03,DORMANT01,NO
NetApp,Red Hat Summit 2014,netapp:redhatsf2014,2014-04-14,2014-04-17,AST_3,DORMANT,2014-02-21,DORMANT01,NO
NetApp,National Association of Broadcaster 2014,netapp:nab2014,2014-04-07,2014-04-10,AST_SSO_3,DORMANT,2014-01-30,DORMANT01,NO
Cisco,NAB 2014,cisco:nab2014,2014-04-07,2014-04-10,AST_3,DORMANT,2014-03-11,DORMANT01,NO
Adobe,NAB 2014,adobe:nab2014,2014-04-07,2014-04-10,AST_3,DORMANT,2014-03-07,DORMANT01,NO
Haemonetics,2014 User Group Meeting,haemonetics:ugm2014,2014-04-07,2014-04-09,AST_3,DORMANT,2014-03-04,DORMANT01,NO
Cisco,Interop Las Vegas 2014 Staff,cisco:interoplv2014staff,2014-04-01,2014-04-03,AST_3,DORMANT,2014-03-20,DORMANT01,NO
Marvell,Interop 2014,marvell:interop2014,2014-04-01,2014-04-03,AST_3,DORMANT,2014-03-06,DORMANT01,NO
Brocade,Interop 2014,brocade:interop2014,2014-04-01,2014-04-03,AST_3,DORMANT,2014-02-20,DORMANT01,NO
Cisco,Interop Las Vegas 2014,cisco:interoplv2014,2014-04-01,2014-04-03,AST_3,DORMANT,2014-02-17,DORMANT01,NO
Vendavo,Profit Summit 2014,vendavo:ps2014,2014-03-25,2014-03-27,MST,DORMANT,2014-01-30,DORMANT01,NO
Cisco,Partner Summit 2014 – Executive 1:1,cisco:partnersummit2014,2014-03-24,2014-03-27,MST,DORMANT,2013-12-02,DORMANT01,NO
Cisco,Partner Summit 2014 – Operations Director 1:1,cisco:psod2014,2014-03-24,2014-03-27,MST,DORMANT,2013-12-02,DORMANT01,NO
Yahoo!,AdTech San Francisco 2014,yahoo:adtechsf2014,2014-03-26,2014-03-27,AST_3,DORMANT,2014-03-06,DORMANT01,NO
Oracle,Industry Connect 2014,oracle:ic2014,2014-03-25,2014-03-26,MST,DORMANT,2014-01-22,DORMANT01,NO
Motorola,Solutions Channel Partner Expo 2014,motorola:scpe2014,2014-03-23,2014-03-26,MST,DORMANT,2014-01-15,DORMANT01,NO
NetApp,Amazon Web Services Summit 2014,netapp:aswsf2014,2014-03-25,2014-03-26,AST_3,DORMANT,2014-02-19,DORMANT01,NO
Winwholesale,AMVS 2014,winwholesale:amvs2014,2014-03-16,2014-03-21,AST_SMT,DORMANT,2013-10-01,DORMANT01,NO
Cisco,Live Melbourne 2014,cisco:clmelbourneaci2014,2014-03-17,2014-03-21,AST_3,DORMANT,2014-02-26,DORMANT01,NO
Marvell,TV Connect 2014,marvell:tvconnect2014,2014-03-18,2014-03-20,AST_3,DORMANT,2014-02-20,DORMANT01,NO
Cisco,Enterprise Connect 2014,cisco:ec2014,2014-03-17,2014-03-20,AST_3,DORMANT,2014-02-13,DORMANT01,NO
Plantronics,Enterprise Connect 2014,plantronics:ec2014,2014-03-17,2014-03-19,AST_SSO_3,DORMANT,2014-01-30,DORMANT01,NO
Cisco,OFC/NCOEC 2014,cisco:ofcnfoec2014,2014-03-11,2014-03-14,AST_SSO_3,DORMANT,2014-02-10,DORMANT01,NO
Experient,Envision 2014,experient:envision2014,2014-03-11,2014-03-14,AST_SMT,DORMANT,2014-02-11,DORMANT01,NO
DocuSign,Momentum 2014,docusign:momentum2014,2014-03-04,2014-03-06,MST,DORMANT,2014-01-30,DORMANT01,NO
Oracle,MWC 2014,oracle:mwc2014,2014-02-24,2014-02-27,MST,DORMANT,2014-01-09,DORMANT01,NO
Cisco,RSA 2014,cisco:rsa2014,2014-02-24,2014-02-27,MST,DORMANT,2014-01-03,DORMANT01,NO
LSI,MWC 2014,lsi:mwc2014,2014-02-24,2014-02-27,MST,DORMANT,2013-12-11,DORMANT01,NO
Oracle,Embedded World 2014,oracle:ew2014,2014-02-24,2014-02-27,MST,DORMANT,2013-12-11,DORMANT01,NO
Brocade,MWC 2014,brocade:mwc2014,2014-02-24,2014-02-27,AST_SSO_3,DORMANT,2014-01-23,DORMANT01,NO
Citrix,MWC 2014,citrix:mwc2014,2014-02-24,2014-02-27,AST_SSO_3,DORMANT,2014-01-15,DORMANT01,NO
Cisco,MWC 2014,cisco:mwc2014,2014-02-24,2014-02-27,AST_SSO_3,DORMANT,2013-12-20,DORMANT01,NO
Yahoo!,MWC 2014,yahoo:mwc2014,2014-02-24,2014-02-27,AST_SSO_3,DORMANT,2013-12-20,DORMANT01,NO
Marvell,MWC 2014,marvell:mwc2014,2014-02-24,2014-02-27,AST_SSO_3,DORMANT,2013-12-09,DORMANT01,NO
Tektronix Communications,MWC 2014,tektronixcommunications:mwc2014,2014-02-24,2014-02-27,AST_SSO_3,DORMANT,2013-12-06,DORMANT01,NO
Micron,MWC 2014,micron:mwc2014,2014-02-24,2014-02-27,AST_SSO_3,DORMANT,2013-12-04,DORMANT01,NO
Ruckus,MWC 2014,ruckus:mwc2014,2014-02-24,2014-02-27,AST_SSO_3,DORMANT,2013-12-03,DORMANT01,NO
ARM,MWC 2014,arm:mwc2014,2014-02-24,2014-02-27,AST_SSO_3,DORMANT,2013-11-25,DORMANT01,NO
Imprivata,HIMSS 2014,imprivata:himss2014,2014-02-23,2014-02-27,AST_SSO_3,DORMANT,2014-01-31,DORMANT01,NO
Nuance,HIMSS 2014,nuance:himss2014,2014-02-23,2014-02-27,AST_SSO_3,DORMANT,2014-01-22,DORMANT01,NO
athenahealth,HIMSS 2014,athenahealth:himss2014,2014-02-23,2014-02-27,AST_SSO_3,DORMANT,2014-01-21,DORMANT01,NO
Cisco,HIMSS 2014,cisco:himss2014,2014-02-23,2014-02-27,AST_SSO_3,DORMANT,2013-12-18,DORMANT01,NO
NetApp,HIMSS 2014,netapp:himss2014,2014-02-24,2014-02-26,AST_SSO_3,DORMANT,2014-01-21,DORMANT01,NO
Cisco,EMEAR Data Center Partner Connection,cisco:dcpce2014,2014-02-18,2014-02-20,MST,DORMANT,2013-11-25,DORMANT01,NO
EMC,VMWare Partner Exchange 2014,emc:vmpx2014,2014-02-10,2014-02-13,MST,DORMANT,2013-12-20,DORMANT01,NO
Marvell,Digital Sinage Expo 2014,marvell:dse2014,2014-02-12,2014-02-13,AST_SSO_3,DORMANT,2014-01-27,DORMANT01,NO
LSI,KickOff 2014,lsi:kickoff2014,2014-02-09,2014-02-12,MST,DORMANT,2013-12-20,DORMANT01,NO
NetApp,VMWare Partner Exchange 2014,netapp:vmpx2014,2014-02-10,2014-02-12,AST_SSO_3,DORMANT,2013-12-04,DORMANT01,NO
Cisco,Integrated Systems Europe 2014,cisco:ise2014,2014-02-04,2014-02-06,AST_SSO_3,DORMANT,2013-12-17,DORMANT01,NO
Cisco,Data Center Partner Connection Americas 2014,cisco:dcpca2014,2014-02-03,2014-02-06,AST_SSO_3,DORMANT,2013-12-12,DORMANT01,NO
EMC,Cisco Live 2014,emc:ciscolive2014,2014-01-28,2014-01-30,MST,DORMANT,2013-12-12,DORMANT01,NO
Cisco,Live Milan 2014 - Security,cisco:clmilan2014,2014-01-27,2014-01-30,MST,DORMANT,2013-12-16,DORMANT01,NO
Cisco,Live Milan 2014 - Data Center,cisco:live2014,2014-01-27,2014-01-30,MST,DORMANT,2013-11-29,DORMANT01,NO
Cisco,Live Milan 2014 - Enterprise Networks,cisco:clmilanen2014,2014-01-28,2014-01-29,AST_SSO_3,DORMANT,2014-01-09,DORMANT01,NO
LSI,Open Compute Summit V,lsi:ocp2014,2014-01-28,2014-01-29,AST_SSO_3,DORMANT,2014-01-06,DORMANT01,NO
Cisco, Live Milan 2014 - ACI Nexus 9000 Team ,cisco:clmilanaci2014,2014-01-28,2014-01-29,AST_SSO_3,DORMANT,2013-12-20,DORMANT01,NO
Cisco,Live Milan 2014 - TrustSec,cisco:trustsec2014,2014-01-28,2014-01-29,AST_SSO_3,DORMANT,2013-12-17,DORMANT01,NO
Cisco,SAP FKOM 2014,cisco:sapfkom2014,2014-01-21,2014-01-23,AST_SSO_3,DORMANT,2013-12-23,DORMANT01,NO
Oracle,NRF 2014,oracle:nrf2014,2014-01-13,2014-01-14,MST,DORMANT,2013-11-15,DORMANT01,NO
Motorola,NRF 2014,motorola:nrf2014,2014-01-13,2014-01-14,MST,DORMANT,2013-10-31,DORMANT01,NO
Cisco,NRF 2014,cisco:nrf2014,2014-01-13,2014-01-14,AST_SSO,DORMANT,2013-10-28,DORMANT01,NO
Yahoo!,CES 2014,yahoo:ces2014,2014-01-07,2014-01-10,MST,DORMANT,2013-11-12,DORMANT01,NO
Adobe,CES 2014,adobe:ces2014,2014-01-07,2014-01-10,AST_SSO_3,DORMANT,2013-12-04,DORMANT01,NO
Cisco,IOE CES2014,cisco:ioeces2014,2014-01-07,2014-01-10,AST_SSO_3,DORMANT,2013-11-27,DORMANT01,NO
Marvell,CES 2014,marvell:ces2014,2014-01-07,2014-01-10,AST_SSO_3,DORMANT,2013-11-20,DORMANT01,NO
Cisco,CES 2014,cisco:ces2014,2014-01-07,2014-01-10,AST_SSO_3,DORMANT,2013-11-18,DORMANT01,NO
Plantronics,CES 2014,plantronics:ces2014,2014-01-07,2014-01-10,AST_SSO_3,DORMANT,2013-11-14,DORMANT01,NO
ARM,CES 2014,arm:ces2014,2014-01-07,2014-01-10,AST_SSO_3,DORMANT,2013-11-12,DORMANT01,NO
Nuance,CES 2014,nuance:ces2014,2014-01-07,2014-01-09,AST_SSO_3,DORMANT,2013-11-14,DORMANT01,NO
Dell,Dell World 2013,dell:dellworld2013,2013-12-11,2013-12-13,MST,DORMANT,2013-10-16,DORMANT01,NO
Dell,EBC at Dell World 2013,dell:ebc2013,2013-12-10,2013-12-13,AST_SSO,DORMANT,2013-10-15,DORMANT01,NO
EMC,Gartner Data Center Conference,emc:gartnerdata2013,2013-12-09,2013-12-12,MST,DORMANT,2013-11-06,DORMANT01,NO
Nuance,RSNA 2013,nuance:rsna2013,2013-12-01,2013-12-05,AST,DORMANT,2013-09-24,DORMANT01,NO
NetApp,RSNA 2013,netapp:rsna2013,2013-12-02,2013-12-04,AST_SSO,DORMANT,2013-10-03,DORMANT01,NO
Brocade, Super Computing 2013,brocade:sc2013,2013-11-17,2013-11-22,AST,DORMANT,2013-10-07,DORMANT01,NO
LSI,Accelerating Innovation Summit,lsi:ais2013,2013-11-20,2013-11-21,AST_SSO,DORMANT,2013-08-14,DORMANT01,NO
NetApp, Super Computing 2013,netapp:supercom2013,2013-11-19,2013-11-21,AST_SSO,DORMANT,2013-10-18,DORMANT01,NO
NetApp,AWS Re:Invent 2013,netapp:aws2013,2013-11-12,2013-11-15,AST_SSO,DORMANT,2013-10-03,DORMANT01,NO
Tektronix Communications,Africa COM 2013,tektronixcommunications:africacom2013,2013-11-12,2013-11-14,AST_SSO,DORMANT,2013-09-20,DORMANT01,NO
Brocade,OpenStack 2013,brocade:os2013,2013-11-05,2013-11-08,AST_SSO,DORMANT,2013-10-30,DORMANT01,NO
NetApp,OpenStack 2013,netapp:openstack2013,2013-11-05,2013-11-08,AST_SSO,DORMANT,2013-10-03,DORMANT01,NO
Cisco,IoT World Forum 2013,cisco:iot2013,2013-10-29,2013-10-31,MST,DORMANT,2013-10-04,DORMANT01,NO
Cisco,Cisco FY2014 Data Center Partner Connection,cisco:dcpca2013,2013-10-29,2013-10-31,MST,DORMANT,2013-08-19,DORMANT01,NO
ARM,Partner Meeting 2013 at Techcon,arm:techcon2013,2013-10-29,2013-10-31,AST,DORMANT,2013-09-17,DORMANT01,NO
Nuance,AHIMA 2013,nuance:ahima2013,2013-10-06,2013-10-30,AST,DORMANT,2013-09-13,DORMANT01,NO
NetApp,Executive Visit – Adam Fore & Tim Russell,netapp:ev1013,2013-10-21,2013-10-25,AST_SSO,DORMANT,2013-10-10,DORMANT01,NO
NetApp,SAP TechEd 2013,netapp:sapteched2013,2013-10-21,2013-10-25,AST_SSO,DORMANT,2013-09-18,DORMANT01,NO
LinkedIn,Talent Connect UK 2013,linkedin:talentconnectuk2013,2013-10-23,2013-10-24,MST,DORMANT,2013-08-30,DORMANT01,NO
EMC,SAP Tech Ed 2013,emc:sapteched2013,2013-10-22,2013-10-24,MST,DORMANT,2013-09-25,DORMANT01,NO
Cisco,Cisco Collaboration Partner Summit 2013,cisco:collab2013,2013-10-20,2013-10-24,MST,DORMANT,2013-09-11,DORMANT01,NO
Cisco,Cisco Collaboration Consultant Summit 2013,cisco:collabcs2013,2013-10-20,2013-10-24,MST,DORMANT,2013-09-11,DORMANT01,NO
Cisco,Broadband World Forum 2013,cisco:bbwf2013,2013-10-22,2013-10-24,AST_SSO,DORMANT,2013-09-06,DORMANT01,NO
Marvell,BBWF 2013,marvell:bbwf2013,2013-10-22,2013-10-24,AST_SSO,DORMANT,2013-08-14,DORMANT01,NO
Cisco,SCTE Cable-Tec Expo 2013,cisco:scte2013,2013-10-21,2013-10-24,AST_SSO,DORMANT,2013-09-03,DORMANT01,NO
Tektronix Communications,FUTURECOM 2013,tektronixcommunications:futurecom2013,2013-10-21,2013-10-24,AST_SSO,DORMANT,2013-08-07,DORMANT01,NO
American Express,Supplier Showcase,americanexpress:interaction2013,2013-10-18,2013-10-20,AST_SMT,DORMANT,2013-06-13,DORMANT01,NO
EMC,VMworld 2013,emc:vmweurope2013,2013-10-15,2013-10-17,MST,DORMANT,2013-09-18,DORMANT01,NO
LinkedIn,Talent Connect 2013,linkedin:talentconnect2013,2013-10-15,2013-10-17,MST,DORMANT,2013-08-07,DORMANT01,NO
PEMEX,WEC2013,pemex:wec2013,2013-10-13,2013-10-17,MST,DORMANT,2013-10-07,DORMANT01,NO
Brocade,VMWorld Europe 2013,brocade:vmwemea2013,2013-10-15,2013-10-17,AST_SSO,DORMANT,2013-09-27,DORMANT01,NO
Cisco,VMworld 2013 Europe,cisco:vmweurope2013,2013-10-04,2013-10-17,AST_SSO,DORMANT,2013-09-18,DORMANT01,NO
VCE,VMworld Europe 2013,vce:vmworldeurope2013,2013-10-14,2013-10-17,AST,DORMANT,2013-09-06,DORMANT01,NO
SoftwareAG,Innovation World 2013 - Meet the Experts,softwareag:mte2013,2013-10-08,2013-10-10,MST,DORMANT,2013-08-22,DORMANT01,NO
SoftwareAG,Innovation World 2013 - Executive Exchange,softwareag:innovation2013,2013-10-08,2013-10-10,MST,DORMANT,2013-08-14,DORMANT01,NO
Cisco,Gartner Symposium ITxpo 2013,cisco:gartner2013,2013-10-06,2013-10-10,AST_SSO,DORMANT,2013-08-14,DORMANT01,NO
athenahealth,MGMA 2013,athenahealth:mgma2013,2013-10-06,2013-10-09,AST,DORMANT,2013-09-10,DORMANT01,NO
Cisco,Interop 2013,cisco:interopny2013,2013-09-30,2013-10-04,AST_SSO,DORMANT,2013-09-09,DORMANT01,NO
McAfee,McAfee FOCUS 2013 Security Conference,mcafee:focus2013,2013-10-01,2013-10-03,MST,DORMANT,2013-07-05,DORMANT01,NO
PEMEX,"SPE ATCE New Orleans, Louisiana, USA",pemex:speatce2013,2013-09-30,2013-10-02,MST,DORMANT,2013-09-18,DORMANT01,NO
PEMEX,"Heavy Oil Latin America (HOLA), Puerto Vallarta, Mexico",pemex:hola2013,2013-09-24,2013-09-26,MST,DORMANT,2013-09-22,DORMANT01,NO
Oracle,OpenWorld 2013 - Retail,oracle:oowretail2013,2013-09-22,2013-09-26,MST,DORMANT,2013-08-22,DORMANT01,NO
EMC,Oracle OpenWorld 2013,emc:oow2013,2013-09-22,2013-09-26,MST,DORMANT,2013-08-05,DORMANT01,NO
Cisco,Cisco @ Oracle OpenWorld 2013,cisco:oow2013,2013-09-22,2013-09-26,MST,DORMANT,2013-07-31,DORMANT01,NO
Oracle,OpenWorld 2013 - CGBU,oracle:openworld2013,2013-09-22,2013-09-26,MST,DORMANT,2013-07-05,DORMANT01,NO
NetApp,Oracle OpenWorld USA 2013,netapp:oracleworld2013,2013-09-23,2013-09-25,AST_SSO,DORMANT,2013-07-23,DORMANT01,NO
NetApp,SEG Houston 2013,netapp:seg2013,2013-09-22,2013-09-25,AST_SSO,DORMANT,2013-08-05,DORMANT01,NO
NetApp,Industry Analysts Summit 2013,netapp:ooweb2013,2013-09-23,2013-09-25,AST,DORMANT,2013-09-21,DORMANT01,NO
NetApp,Executive Visit – Ty McConney & Mohit Bhatnagar,netapp:ev913,2013-09-16,2013-09-20,AST_SSO,DORMANT,2013-08-23,DORMANT01,NO
Marvell,IBC 2013,marvell:ibc2013,2013-09-13,2013-09-20,AST_SSO,DORMANT,2013-07-17,DORMANT01,NO
LSI,2013 LinuxCon NA,lsi:linux2013,2013-09-16,2013-09-17,AST_SSO,DORMANT,2013-08-14,DORMANT01,NO
Cisco,Cisco IBC 2013 World Team,cisco:ibc2013,2013-09-13,2013-09-17,AST,DORMANT,2013-07-10,DORMANT01,NO
LSI,2013 HPC for Wall Street,lsi:hpc2013,2013-09-09,2013-09-09,AST_SSO,DORMANT,2013-08-09,DORMANT01,NO
PEMEX,SPE Offshore Europe 2013,pemex:offshoreeurope2013,2013-09-03,2013-09-06,MST,DORMANT,2013-08-25,DORMANT01,NO
EMC,VMworld 2013,emc:vmworld2013,2013-08-26,2013-08-29,MST,DORMANT,2013-07-10,DORMANT01,YES
VCE,VMworld 2013,vce:vmworld2013,2013-08-26,2013-08-29,AST,DORMANT,2013-07-15,DORMANT01,YES
Brocade,VMWorld 2013,brocade:vmworld2013,2013-08-25,2013-08-29,AST,DORMANT,2013-07-09,DORMANT01,YES
NetApp,VMworld 2013 | NetApp Genius Lounge,netapp:genius,2013-08-25,2013-08-28,MST,DORMANT,2013-07-25,DORMANT01,YES
Cisco,VMworld US 2013,cisco:vmworld2013,2013-08-25,2013-08-28,MST,DORMANT,2013-07-10,DORMANT01,YES
NetApp,VMworld USA 2013,netapp:vmworldusa2013,2013-08-25,2013-08-28,AST,DORMANT,2013-05-20,DORMANT01,YES
ARM,Partner Meeting 2013,arm:apm2013,2013-08-20,2013-08-22,AST,DORMANT,2013-05-03,DORMANT01,YES
LSI,Flash Memory Summit,lsi:flash2013,2013-08-13,2013-08-15,AST_SSO,DORMANT,2013-07-23,DORMANT01,YES
amadeus,Global Business Travel Association (GBTA) Convention 2013,amadeus:gbta2013,2013-08-04,2013-08-07,AST,DORMANT,2013-06-27,DORMANT01,YES
Cisco,MSFT World Partner Summit Conference 2013,cisco:msft2013,2013-07-07,2013-07-11,AST,DORMANT,2013-06-11,DORMANT01,YES
Oracle,Mobile Asia Expo 2013,oracle:mae2013,2013-06-26,2013-06-28,AST,DORMANT,2013-05-25,DORMANT01,YES
LSI,Cisco Live! 2013,lsi:ciscolive2013,2013-06-24,2013-06-27,MST,DORMANT,2013-04-16,DORMANT01,YES
Cisco,Cisco Live Orlando 2013 - Data Center,cisco:live2013_dc,2013-06-23,2013-06-27,MST,DORMANT,2013-04-26,DORMANT01,YES
Cisco,Cisco Live 2013 – Meet the Executive,cisco:live2013,2013-06-23,2013-06-27,MST,DORMANT,2013-03-04,DORMANT01,YES
Cisco,Cisco Live 2013 – Executive Scheduler,cisco:exec2013,2013-06-23,2013-06-27,MPAST,DORMANT,2013-03-04,DORMANT01,YES
NetApp,Cisco Live 2013,netapp:ciscolive2013,2013-06-24,2013-06-27,AST,DORMANT,2013-04-03,DORMANT01,YES
Cisco,Cisco Live 2013 - Walk In,cisco:walkin2013,2013-06-23,2013-06-27,AST,DORMANT,2013-06-20,DORMANT01,YES
Cisco,Cisco Live Orlando 2013 for IP NGN,cisco:ipngnlive2013,2013-06-23,2013-06-27,AST,DORMANT,2013-06-04,DORMANT01,YES
Insieme Networks,Cisco Live Orlando 2013 ,insiemenetworks:ciscolive2013,2013-06-23,2013-06-27,AST,DORMANT,2013-05-21,DORMANT01,YES
Cisco,Cisco Live Orlando 2013,cisco:ciscolive2013,2013-06-23,2013-06-27,AST,DORMANT,2013-05-11,DORMANT01,YES
Tektronix Communications,LTE World Summit 2013,tektronixcommunications:lte2013,2013-06-24,2013-06-26,AST,DORMANT,2013-05-10,DORMANT01,YES
Yahoo!,Cannes Lions International Festival of Creativity 2013,yahoo:cannes2013,2013-06-16,2013-06-22,AST_SSO,DORMANT,2013-04-25,DORMANT01,YES
NetApp,Industry Analysts Summit 2013,netapp:ias2013,2013-06-20,2013-06-21,AST,DORMANT,2013-05-30,DORMANT01,YES
Tektronix Communications,CommunicAsia 2013,tektronixcommunications:comasia2013,2013-06-18,2013-06-21,AST,DORMANT,2013-05-03,DORMANT01,YES
American Express,Supplier Summit,americanexpress:suppliersummit2013,2013-06-18,2013-06-19,AST_SMT,DORMANT,2013-05-07,DORMANT01,YES
athenahealth,HFMA ANI 2013,athenahealth:ani2013,2013-06-16,2013-06-18,AST,DORMANT,2013-06-04,DORMANT01,YES
Nuance,HFMA ANI 2013 ,nuance:ani2013,2013-06-16,2013-06-18,AST,DORMANT,2013-05-17,DORMANT01,YES
LSI,IBM Edge 2013,lsi:ibmedge2013,2013-06-10,2013-06-14,MST,DORMANT,2013-04-19,DORMANT01,YES
Cisco,InfoComm 2013,cisco:infocomm2013,2013-06-12,2013-06-14,AST,DORMANT,2013-04-29,DORMANT01,YES
Cisco,NCTA The Cable Show 2013,cisco:ncta2013,2013-06-10,2013-06-12,AST,DORMANT,2013-05-08,DORMANT01,YES
Marvell,Computex 2013,marvell:computex2013,2013-06-04,2013-06-08,AST_SSO,DORMANT,2013-04-08,DORMANT01,YES
Nuance,SIIM 2013,nuance:siim2013,2013-06-06,2013-06-08,AST,DORMANT,2013-05-22,DORMANT01,YES
ARM,COMPUTEX TAIPEI 2013,arm:computex2013,2013-06-04,2013-06-08,AST,DORMANT,2013-05-03,DORMANT01,YES
Cisco,Cisco Partner Summit 2013 - Executive 1:1,cisco:partnersummit2013,2013-06-03,2013-06-06,MST,DORMANT,2013-02-22,DORMANT01,YES
Cisco,Cisco Partner Summit 2013 – Operations Director 1:1,cisco:psod2013,2013-06-03,2013-06-06,MST,DORMANT,2013-02-22,DORMANT01,YES
Cisco,ANGACOM 2013,cisco:anga2013,2013-06-04,2013-06-06,AST,DORMANT,2013-04-26,DORMANT01,YES
LSI,Microsoft TechEd 2013,lsi:teched2013,2013-06-03,2013-06-06,AST,DORMANT,2013-05-22,DORMANT01,YES
NetApp,Microsoft TechEd 2013,netapp:teched2013,2013-06-03,2013-06-06,AST,DORMANT,2013-04-18,DORMANT01,YES
NetApp,Citrix Synergy 2013,netapp:synergy2013,2013-05-22,2013-05-24,AST,DORMANT,2013-03-01,DORMANT01,YES
Tektronix Communications,CTIA 2013,tektronixcommunications:ctia2013,2013-05-21,2013-05-23,AST,DORMANT,2013-04-04,DORMANT01,YES
Oracle,TM Forum’s Management World,oracle:tmforum2013,2013-05-13,2013-05-16,MST,DORMANT,2013-04-01,DORMANT01,YES
NetApp,SAP SAPPHIRE NOW 2013,netapp:sapphire2013,2013-05-14,2013-05-16,AST,DORMANT,2013-03-13,DORMANT01,YES
Tektronix Communications,TM Forum's Management World 2013,tektronixcommunications:managementworld2013,2013-05-13,2013-05-16,AST,DORMANT,2013-04-04,DORMANT01,YES
GlobeNet,ITW 2013,globenet:itw2013,2013-05-13,2013-05-15,AST,DORMANT,2013-04-17,DORMANT01,YES
LSI,Interop 2013,lsi:interop2013,2013-05-06,2013-05-10,MST,DORMANT,2013-04-05,DORMANT01,YES
Marvell,Interop 2013,marvell:interop2013,2013-05-06,2013-05-10,AST_SSO,DORMANT,2013-04-08,DORMANT01,YES
Cisco,EMC World 2013,cisco:emcworld2013,2013-05-06,2013-05-09,MST,DORMANT,2013-04-09,DORMANT01,YES
LSI,EMC 2013,lsi:emc2013,2013-05-06,2013-05-08,MST,DORMANT,2013-04-19,DORMANT01,YES
SHDA,Industry Advancement Summit 2013,shda:shda2013,2013-04-30,2013-05-03,AST,DORMANT,2012-10-08,DORMANT01,YES
Cisco,Cisco Marketing Velocity,cisco:velocity2013,2013-04-16,2013-04-18,MST,DORMANT,2013-03-05,DORMANT01,YES
Cisco,NAB 2013,cisco:nab2013,2013-04-08,2013-04-11,AST,DORMANT,2013-02-28,DORMANT01,YES
NetApp,Microsoft Management Summit 2013,netapp:mms2013,2013-04-08,2013-04-11,AST,DORMANT,2013-02-06,DORMANT01,YES
NetApp,National Association of Broadcaster 2013,netapp:nab2013,2013-04-08,2013-04-11,AST,DORMANT,2013-02-06,DORMANT01,YES
Yahoo!,AD:Tech San Francisco,yahoo:adtechsf2013,2013-04-09,2013-04-10,AST_SSO,DORMANT,2013-03-18,DORMANT01,YES
Cisco,"MPLS/EWC, V6 WC and SDN Summit 2013",cisco:mplsewc2013,2013-03-18,2013-03-22,AST,DORMANT,2013-01-11,DORMANT01,YES
Marvell,TV Connect 2013,marvell:tvconnect2013,2013-03-19,2013-03-21,AST_SSO,DORMANT,2013-03-06,DORMANT01,YES
Cisco,OFC/NFOEC 2013,cisco:ofcnfoec2013,2013-03-19,2013-03-21,AST,DORMANT,2013-01-24,DORMANT01,YES
Cisco,Enterprise Connect 2013,cisco:ec2013,2013-03-18,2013-03-21,AST,DORMANT,2012-02-13,DORMANT01,YES
Cisco,HIMSS 2013,cisco:himss2013,2013-03-04,2013-03-06,AST,DORMANT,2013-01-08,DORMANT01,YES
NetApp,HIMSS 2013,netapp:himss2013,2013-03-04,2013-03-06,AST,DORMANT,2012-12-20,DORMANT01,YES
Cisco,RSA 2013,cisco:rsa2013,2013-02-25,2013-03-01,MST,DORMANT,2013-01-16,DORMANT01,YES
LSI,Mobile World Congress 2013,lsi:mwc2013,2013-02-25,2013-02-28,MST,DORMANT,2013-01-16,DORMANT01,YES
Oracle,Mobile World Congress 2013,oracle:mwc2013,2013-02-25,2013-02-28,MST,DORMANT,2013-01-03,DORMANT01,YES
Marvell,Mobile World Congress 2013,marvell:mwc2013,2013-02-25,2013-02-28,AST_SSO,DORMANT,2013-01-23,DORMANT01,YES
Ruckus,Mobile World Congress 2013,ruckus:mwc2013,2013-02-25,2013-02-28,AST,DORMANT,2013-02-13,DORMANT01,YES
NetApp,VMware Partner Exchange 2013,netapp:vmpx2013,2013-02-25,2013-02-28,AST,DORMANT,2012-12-20,DORMANT01,YES
Micron,Mobile World Congress 2013,micron:mwc2013,2013-02-25,2013-02-28,AST,DORMANT,2012-12-12,DORMANT01,YES
Tektronix Communications,Mobile World Congress 2013,tektronixcommunications:mwc2013,2013-02-25,2013-02-28,AST,DORMANT,2012-12-07,DORMANT01,YES
ARM,Mobile World Congress 2013,arm:mwc2013,2013-02-25,2013-02-28,AST,DORMANT,2012-12-05,DORMANT01,YES
Cisco,Mobile World Congress 2013,cisco:mwc2013,2013-02-25,2013-02-28,AST,DORMANT,2012-12-05,DORMANT01,YES
Cisco,Data Center Partner Conference,cisco:dcpce2013,2013-01-29,2013-01-31,MST,DORMANT,2012-11-26,DORMANT01,YES
Cisco,Integrated Systems Europe 2013,cisco:ise2013,2013-01-29,2013-01-31,AST,DORMANT,2013-01-08,DORMANT01,YES
Red Hat,Red Hat Partner Conference 2013,redhat:rhpc2013,2013-01-14,2013-01-16,MST,DORMANT,2012-11-26,DORMANT01,YES
Cisco,NRF 2013,cisco:nrf2013,2013-01-14,2013-01-15,AST,DORMANT,2012-10-18,DORMANT01,YES
Marvell,International CES 2013,marvell:ces2013,2013-01-08,2013-01-11,AST_SSO,DORMANT,2012-11-05,DORMANT01,YES
Yahoo!,International CES,yahoo:ces2013,2013-01-08,2013-01-11,AST_SSO,DORMANT,2012-10-31,DORMANT01,YES
ARM,International CES 2013,arm:ces2013,2013-01-08,2013-01-11,AST,DORMANT,2012-11-27,DORMANT01,YES
Cisco,International CES 2013,cisco:ces2013,2013-01-08,2013-01-11,AST,DORMANT,2012-11-07,DORMANT01,YES
NetApp,RSNA 2012,netapp:rsna2012,2012-11-25,2012-11-29,AST,DORMANT,2012-10-23,DORMANT01,YES
Micron,Micron Electronica 2012,micron:electronica2012,2012-11-13,2012-11-16,AST,DORMANT,2012-07-16,DORMANT01,YES
LSI,Accelerating Innovation Summit 2012,lsi:ais2012,2012-11-13,2012-11-15,MST,DORMANT,2012-10-04,DORMANT01,YES
Tektronix Communications,LTENA 2012,tektronixcommunications:ltena2012,2012-11-14,2012-11-15,AST,DORMANT,2012-10-23,DORMANT01,YES
NetApp,Supercomputing 2012,netapp:supercom2012,2012-11-12,2012-11-15,AST,DORMANT,2012-09-17,DORMANT01,YES
Yahoo!,Ad:Tech New York,yahoo:adtechny2012,2012-11-07,2012-11-08,AST,DORMANT,2012-09-28,DORMANT01,YES
Cisco,Ethernet Expo New York 2012,cisco:expo2012,2012-11-06,2012-11-08,AST,DORMANT,2012-09-21,DORMANT01,YES
LSI,Accelerating Innovation Summit 2012 - Test Event,lsi:bne2012,2012-11-06,2012-11-08,AST,DORMANT,2012-09-19,DORMANT01,YES
NetApp,SEG 2012,netapp:seg2012,2012-11-04,2012-11-07,AST,DORMANT,2012-10-11,DORMANT01,YES
Cisco,MPLS 2012,cisco:mpls2012,2012-10-28,2012-10-31,AST,DORMANT,2012-09-21,DORMANT01,YES
Maxvantage,Supplier Showcase,maxvantage:supplier2012,2012-10-26,2012-10-29,AST,DORMANT,2012-10-11,DORMANT01,YES
McAfee,McAfee FOCUS 2012 Security Conference,mcafee:focus2012,2012-10-22,2012-10-25,MST,DORMANT,2012-07-30,DORMANT01,YES
McAfee,McAfee FOCUS 2012 Security Conference PS,mcafee:focusps2012,2012-10-23,2012-10-25,AST,DORMANT,2012-08-09,DORMANT01,YES
NetApp,Gartner ITxpo Symposium 2012,netapp:gartner2012,2012-10-22,2012-10-25,AST,DORMANT,2012-09-17,DORMANT01,YES
Cisco,SCTE Cable-Tec Expo 2012,cisco:scte2012,2012-10-17,2012-10-19,AST,DORMANT,2012-08-17,DORMANT01,YES
NetApp,SAP TechEd 2012,netapp:teched2012,2012-10-16,2012-10-18,AST,DORMANT,2012-09-19,DORMANT01,YES
Cisco,Broadband World Forum 2012 ,cisco:bbwf2012,2012-10-16,2012-10-18,AST,DORMANT,2012-09-11,DORMANT01,YES
Cisco,Cisco Collaboration Partner Summit 2012,cisco:collab2012,2012-10-15,2012-10-17,MST,DORMANT,2012-08-10,DORMANT01,YES
Cisco,VMworld Europe 2012,cisco:vmweurope2012,2012-10-09,2012-10-11,MST,DORMANT,2012-09-14,DORMANT01,YES
Oracle,OpenWorld 2012,oracle:openworld2012,2012-09-30,2012-10-04,MST,DORMANT,2012-09-06,DORMANT01,YES
Cisco,Cisco @ Oracle OpenWorld 2012,cisco:oow2012,2012-09-30,2012-10-04,MST,DORMANT,2012-08-22,DORMANT01,YES
NetApp,Oracle OpenWorld 2012,netapp:oracleworld2012,2012-10-01,2012-10-03,AST,DORMANT,2012-07-16,DORMANT01,YES
Cisco,Cisco Data Center Partner Conference,cisco:dcpc2012,2012-09-25,2012-09-27,MST,DORMANT,2012-07-30,DORMANT01,YES
Cisco,Carrier Ethernet World Congress 2012,cisco:cewc2012,2012-09-17,2012-09-20,AST,DORMANT,2012-08-14,DORMANT01,YES
Cisco,IBC 2012,cisco:ibc2012,2012-09-07,2012-09-12,AST,DORMANT,2012-07-30,DORMANT01,YES
Marvell,IBC 2012,marvell:ibc2012,2012-09-07,2012-09-11,AST,DORMANT,2012-08-08,DORMANT01,YES
Cisco,VMworld US 2012,cisco:vmworld2012,2012-08-26,2012-08-29,MST,DORMANT,2012-07-16,DORMANT01,YES
NetApp,VMworld USA 2012,netapp:vmworldusa2012,2012-08-26,2012-08-29,AST,DORMANT,2012-06-13,DORMANT01,YES
Cisco,IPv6 World Congress,cisco:ipv62012,2012-06-26,2012-06-27,AST,DORMANT,2012-05-02,DORMANT01,YES
Tektronix Communications,Mobile Asia Expo,tektronixcommunications:mae2012,2012-06-20,2012-06-22,AST,DORMANT,2012-05-02,DORMANT01,YES
Tektronix Communications,CommunicAsia 2012,tektronixcommunications:comasia2012,2012-06-19,2012-06-22,AST,DORMANT,2012-05-11,DORMANT01,YES
NetApp,Industry Analysts Summit 2012,netapp:ias2012,2012-06-20,2012-06-21,AST,DORMANT,2012-06-08,DORMANT01,YES
Cisco,Mobile Asia Expo 2012,cisco:mae2012,2012-06-18,2012-06-21,AST,DORMANT,2012-05-02,DORMANT01,YES
Cisco,WDM2012,cisco:wdm2012,2012-06-18,2012-06-21,AST,DORMANT,2012-05-02,DORMANT01,YES
NetApp,ISC 2012,netapp:isc2012,2012-06-18,2012-06-20,AST,DORMANT,2012-05-07,DORMANT01,YES
Cisco,Infocomm 2012,cisco:infocomm2012,2012-06-13,2012-06-15,AST,DORMANT,2012-04-03,DORMANT01,YES
Cisco,Cisco Live 2012 - Meet the Executive,cisco:live2012,2012-06-10,2012-06-14,MST,DORMANT,2012-04-27,DORMANT01,YES
Cisco,ANGA 2012,cisco:anga2012,2012-06-12,2012-06-14,AST,DORMANT,2012-04-20,DORMANT01,YES
NetApp,NetApp at Cisco Live 2012,netapp:ciscolive2012,2012-06-11,2012-06-14,AST,DORMANT,2012-04-30,DORMANT01,YES
Cisco,Cisco Live PS 2012,cisco:ciscops2012,2012-06-10,2012-06-14,AST,DORMANT,2012-05-07,DORMANT01,YES
Marvell,Computex 2012,marvell:computex2012,2012-06-05,2012-06-09,AST,DORMANT,2012-05-07,DORMANT01,YES
Yahoo!,Internet Retailer Conference & Expo 2012,yahoo:irce2012,2012-06-05,2012-06-08,AST,DORMANT,2012-05-08,DORMANT01,YES
Oracle,Management World 2012,oracle:mw2012,2012-05-21,2012-05-24,MST,DORMANT,2012-04-27,DORMANT01,YES
Tektronix Communications,LTE World Summit 2012,tektronixcommunications:lte2012,2012-05-23,2012-05-24,AST,DORMANT,2012-04-02,DORMANT01,YES
Tektronix Communications,Management World 2012,tektronixcommunications:managementworld2012,2012-05-21,2012-05-24,AST,DORMANT,2012-04-02,DORMANT01,YES
Yahoo!,Cannes Lions Advertising Festival 2012,yahoo:cannes2012,2012-06-17,2012-05-23,AST,DORMANT,2012-04-17,DORMANT01,YES
Cisco,NCTA The Cable Show 2012,cisco:ncta2012,2012-05-21,2012-05-23,AST,DORMANT,2012-03-30,DORMANT01,YES
Yahoo!,Internet Week New York 2012,yahoo:iwny2012,2012-05-14,2012-05-21,AST,DORMANT,2012-03-26,DORMANT01,YES
Marvell,Lightfair 2012,marvell:lightfair2012,2012-05-09,2012-05-11,AST,DORMANT,2012-04-13,DORMANT01,YES
NetApp,Citrix Synergy 2012,netapp:synergysfo2012,2012-05-08,2012-05-10,AST,DORMANT,2012-04-05,DORMANT01,YES
Marvell,Interop 2012,marvell:interop2012,2012-05-08,2012-05-10,AST,DORMANT,2012-04-04,DORMANT01,YES
Cisco,International CTIA Wireless 2012 ,cisco:ctia2012,2012-05-08,2012-05-10,AST,DORMANT,2012-04-03,DORMANT01,YES
Yahoo!,Americas Upfront,yahoo:upfront2012,2012-04-25,2012-04-26,AST,DORMANT,2012-03-26,DORMANT01,YES
Cisco,Cisco Partner Summit 2012 – Operations Director 1:1,cisco:psod2012,2012-04-16,2012-04-19,MST,DORMANT,2012-02-03,DORMANT01,YES
Cisco,Cisco Partner Summit 2012 - Executive 1:1,cisco:partnersummit2012,2012-04-16,2012-04-19,MST,DORMANT,2012-01-21,DORMANT01,YES
Cisco,Terabit Optical 2012,cisco:terabits2012,2012-04-16,2012-04-19,AST,DORMANT,2012-03-09,DORMANT01,YES
Cisco,NAB 2012,cisco:nab2012,2012-04-16,2012-04-19,AST,DORMANT,2012-03-01,DORMANT01,YES
NetApp,NAB 2012,netapp:nab2012,2012-04-16,2012-04-19,AST,DORMANT,2012-01-12,DORMANT01,YES
Yahoo!,ad:tech san francisco,yahoo:adtechsf2012,2012-04-03,2012-04-04,AST,DORMANT,2012-02-29,DORMANT01,YES
Cisco,Enterprise Connect 2012,cisco:ec2012,2012-03-26,2012-03-29,AST,DORMANT,2012-02-13,DORMANT01,YES
Cisco,Evolving Packet Transport Networks 2012,cisco:ptn2012,2012-03-26,2012-03-28,AST,DORMANT,2012-01-12,DORMANT01,YES
Cisco,IPTV 2012,cisco:iptv2012,2012-03-20,2012-03-23,AST,DORMANT,2012-01-12,DORMANT01,YES
Intel,Intel Summit Week 2012,intel:isw2012,2012-03-16,2012-03-23,AST,DORMANT,2012-01-31,DORMANT01,YES
Cisco,OFC/NFOEC 2012,cisco:ofcnfoec2012,2012-03-04,2012-03-08,AST,DORMANT,2012-01-25,DORMANT01,YES
Marvell,Mobile World Congress 2012,marvell:mwc2012,2012-02-27,2012-03-01,AST,DORMANT,2012-01-27,DORMANT01,YES
Tektronix Communications,Mobile World Congress 2012,tektronixcommunications:mwc2012,2012-02-27,2012-03-01,AST,DORMANT,2012-01-24,DORMANT01,YES
Cisco,Mobile World Congress 2012,cisco:mwc2012,2012-02-27,2012-03-01,AST,DORMANT,2011-12-15,DORMANT01,YES
Micron,Mobile World Congress,micron:mwc2012,2012-02-27,2012-03-01,AST,DORMANT,2011-12-02,DORMANT01,YES
Cisco,HIMSS 2012,cisco:himss2012,2012-02-21,2012-02-23,AST,DORMANT,2012-01-08,DORMANT01,YES
Cisco,MPLS/Ethernet World Congress 2012,cisco:mplsworld2012,2012-02-07,2012-02-10,AST,DORMANT,2011-11-18,DORMANT01,YES
Cisco,National Retail Federation(NRF) 2012,cisco:nrf2012,2012-01-16,2012-01-17,AST,DORMANT,2011-10-19,DORMANT01,YES
Cisco,International CES 2012,cisco:ces2012,2012-01-10,2012-01-13,AST,DORMANT,2011-11-11,DORMANT01,YES
Yahoo!,International CES,yahoo:ces2012,2012-01-10,2012-01-13,AST,DORMANT,2011-10-25,DORMANT01,YES
Marvell,International CES 2012,marvell:ces2012,2012-01-07,2012-01-10,AST,DORMANT,2011-11-22,DORMANT01,YES
Cisco,Gartner Data Center Summit 2011,cisco:gartnerdcc2011,2011-12-05,2011-12-07,AST,DORMANT,2011-10-28,DORMANT01,YES
Cisco,SCTE Cable-Tec Expo 2011,cisco:scte2011,2011-11-15,2011-11-17,AST,DORMANT,2011-09-19,DORMANT01,YES
Yahoo!,Ad:Tech New York,yahoo:adtechny2011,2011-11-09,2011-11-10,AST,DORMANT,2011-09-23,DORMANT01,YES
Cisco,CDN World Summit 2011,cisco:cdnsummit2011,2011-10-25,2011-10-28,AST,DORMANT,2011-10-11,DORMANT01,YES
Cisco,ITU Telecom World 2011,cisco:itu2011,2011-10-24,2011-10-27,AST,DORMANT,2011-09-19,DORMANT01,YES
Cisco,Gartner Symposium IT Expo,cisco:gartner2011,2011-10-17,2011-10-20,AST,DORMANT,2011-09-14,DORMANT01,YES
Cisco,Broadsoft 2011,cisco:broadsoft2011,2011-10-17,2011-10-19,AST,DORMANT,2011-09-06,DORMANT01,YES
Yahoo!,Advertising Week 2011,yahoo:adweek2011,2011-10-03,2011-10-07,AST,DORMANT,2011-08-04,DORMANT01,YES
Marvell,Broadband World Forum 2011,marvell:bbwf2011,2011-09-27,2011-09-29,AST,DORMANT,2011-08-23,DORMANT01,YES
Verisign,2011 Registrar Executive Summit,verisign:executive2011,2011-09-21,2011-09-24,AST,DORMANT,2011-08-10,DORMANT01,YES
Marvell,IBC 2011,marvell:ibc2011,2011-09-09,2011-09-13,AST,DORMANT,2011-07-28,DORMANT01,YES
Cisco,IBC 2011,cisco:ibc2011,2011-09-09,2011-09-13,AST,DORMANT,2011-07-13,DORMANT01,YES
Yahoo!,Cannes Lions Advertising Festival 2011,yahoo:cannes2011,2011-06-19,2011-06-25,AST,DORMANT,2011-04-05,DORMANT01,YES
Cisco,Enterprise 2.0 2011,cisco:enterprise2011,2011-06-20,2011-06-23,AST,DORMANT,2011-01-18,DORMANT01,YES
Yahoo!,Internet Retailer Conference & Exhibition 2011,yahoo:irce2011,2011-06-14,2011-06-17,AST,DORMANT,2011-06-02,DORMANT01,YES
Cisco,Infocomm 2011,cisco:infocomm2011,2011-06-13,2011-06-17,AST,DORMANT,2011-04-25,DORMANT01,YES
Cisco,NCTA The Cable Show 2011,cisco:ncta2011,2011-06-14,2011-06-16,AST,DORMANT,2011-05-04,DORMANT01,YES
Marvell,Computex 2011,marvell:computex2011,2011-05-31,2011-06-04,AST,DORMANT,2011-05-04,DORMANT01,YES
Cisco,TM Forum Management World 2011,cisco:tmforum2011,2011-05-23,2011-05-26,AST,DORMANT,2011-02-22,DORMANT01,YES
Marvell,Lightfair 2011,marvell:lightfair2011,2011-05-17,2011-05-19,AST,DORMANT,2011-05-04,DORMANT01,YES
Marvell,Interop 2011,marvell:interop2011,2011-05-10,2011-05-12,AST,DORMANT,2011-04-25,DORMANT01,YES
Yahoo!,Festival of Media 2011,yahoo:fom2011,2011-05-08,2011-05-12,AST,DORMANT,2011-04-21,DORMANT01,YES
Cisco,ANGA Cable 2011,cisco:anga2011,2011-05-03,2011-05-05,AST,DORMANT,2011-04-07,DORMANT01,YES
Cisco,NAB 2011,cisco:nab2011,2011-04-11,2011-04-14,AST,DORMANT,2011-03-03,DORMANT01,YES
Yahoo!,International CTIA Wireless 2011,yahoo:ctia2011,2011-03-22,2011-03-24,AST,DORMANT,2011-03-07,DORMANT01,YES
Cisco,International CTIA Wireless 2011,cisco:ctia2011,2011-03-21,2011-03-24,AST,DORMANT,2011-02-15,DORMANT01,YES
Cisco,Enterprise Connect 2011,cisco:ec2011,2011-02-28,2011-03-03,AST,DORMANT,2011-01-18,DORMANT01,YES
Cisco,HIMSS 2011,cisco:himss2011,2011-02-21,2011-02-23,AST,DORMANT,2010-12-07,DORMANT01,YES
Yahoo!,Mobile World Congress 2011,yahoo:mwc2011,2011-02-14,2011-02-17,AST,DORMANT,2010-12-22,DORMANT01,YES
Cisco,Mobile World Congress 2011,cisco:mwc2011,2011-02-14,2011-02-17,AST,DORMANT,2010-12-07,DORMANT01,YES
Cisco,National Retail Federation(NRF) 2011,cisco:nrf2011,2011-01-10,2011-01-11,AST,DORMANT,2010-10-14,DORMANT01,YES
Cisco,International CES 2011,cisco:ces2011,2011-01-06,2011-01-09,AST,DORMANT,2010-11-20,DORMANT01,YES
Cisco,SCTE Cable-Tec Expo 2010,cisco:scte2010,2010-10-20,2010-10-22,AST,DORMANT,2010-09-07,DORMANT01,YES
Cisco,Gartner Symposium IT Expo,cisco:gartner2010,2010-10-18,2010-10-22,AST,DORMANT,2010-09-28,DORMANT01,YES